date,period,red_ball_1,red_ball_2,red_ball_3,red_ball_4,red_ball_5,red_ball_6,blue_ball
2018/1/7,2018003,1,14,16,17,20,31,4
2018/1/4,2018002,7,18,24,29,31,33,16
2018/1/2,2018001,1,8,11,26,28,31,4
2017/12/31,2017154,5,9,13,15,18,26,5
2017/12/28,2017153,7,11,12,13,18,19,16
2017/12/26,2017152,6,10,23,25,26,29,5
2017/12/24,2017151,2,5,7,9,11,27,16
2017/12/21,2017150,6,14,19,20,21,23,8
2017/12/19,2017149,5,8,15,20,27,30,13
2017/12/17,2017148,4,7,11,14,29,32,12
2017/12/14,2017147,3,7,20,21,25,31,14
2017/12/12,2017146,1,19,25,26,27,33,10
2017/12/10,2017145,2,6,12,17,25,28,12
2017/12/7,2017144,3,14,16,20,31,32,9
2017/12/5,2017143,4,6,9,14,20,29,14
2017/12/3,2017142,8,13,14,18,23,33,6
2017/11/30,2017141,1,6,7,11,13,15,5
2017/11/28,2017140,21,22,25,28,29,30,8
2017/11/26,2017139,2,14,20,24,28,32,16
2017/11/23,2017138,1,17,24,28,32,33,2
2017/11/21,2017137,5,10,20,23,26,31,3
2017/11/19,2017136,3,7,10,18,21,24,12
2017/11/16,2017135,1,6,7,14,18,26,16
2017/11/14,2017134,4,5,11,14,28,32,4
2017/11/12,2017133,6,15,17,18,23,30,11
2017/11/9,2017132,2,3,5,9,13,28,11
2017/11/7,2017131,1,7,10,11,26,27,11
2017/11/5,2017130,5,13,14,23,25,31,2
2017/11/2,2017129,5,6,9,14,21,33,2
2017/10/31,2017128,2,6,13,22,29,31,8
2017/10/29,2017127,14,15,21,24,27,32,12
2017/10/26,2017126,1,16,17,21,27,30,16
2017/10/24,2017125,1,14,23,25,29,30,3
2017/10/22,2017124,2,6,11,26,28,29,3
2017/10/19,2017123,4,5,6,11,21,31,10
2017/10/17,2017122,11,20,21,22,24,27,15
2017/10/15,2017121,11,18,19,22,24,32,7
2017/10/12,2017120,8,10,15,19,23,28,16
2017/10/10,2017119,9,16,21,25,26,31,14
2017/10/8,2017118,8,9,15,22,30,33,16
2017/10/5,2017117,1,2,8,11,14,21,9
2017/10/3,2017116,2,14,20,22,30,32,2
2017/10/1,2017115,4,10,11,25,30,31,1
2017/9/28,2017114,6,12,13,15,18,26,13
2017/9/26,2017113,4,6,16,27,29,33,5
2017/9/24,2017112,3,10,14,16,22,23,11
2017/9/21,2017111,5,10,17,19,29,32,12
2017/9/19,2017110,1,3,12,15,19,23,14
2017/9/17,2017109,8,14,16,18,21,23,16
2017/9/14,2017108,7,12,14,15,17,20,1
2017/9/12,2017107,8,9,15,17,30,32,6
2017/9/10,2017106,12,15,20,25,27,31,2
2017/9/7,2017105,3,6,7,12,25,26,7
2017/9/5,2017104,1,14,15,20,23,30,14
2017/9/3,2017103,1,21,23,25,31,33,1
2017/8/31,2017102,4,8,10,14,18,20,11
2017/8/29,2017101,1,4,11,28,31,32,16
2017/8/27,2017100,4,7,8,18,23,24,2
2017/8/24,2017099,2,5,6,16,28,29,4
2017/8/22,2017098,4,19,22,27,30,33,1
2017/8/20,2017097,5,10,18,19,30,31,3
2017/8/17,2017096,2,6,11,12,19,29,6
2017/8/15,2017095,9,10,12,19,22,29,16
2017/8/13,2017094,8,11,13,19,28,31,6
2017/8/10,2017093,7,8,9,15,22,27,12
2017/8/8,2017092,10,18,19,29,32,33,9
2017/8/6,2017091,5,7,10,23,28,29,3
2017/8/3,2017090,1,7,10,16,22,33,9
2017/8/1,2017089,11,12,13,16,23,25,12
2017/7/30,2017088,7,9,18,22,23,29,6
2017/7/27,2017087,3,6,13,14,19,28,6
2017/7/25,2017086,3,5,6,13,20,22,7
2017/7/23,2017085,1,5,6,16,25,30,9
2017/7/20,2017084,1,5,11,20,22,24,2
2017/7/18,2017083,3,8,14,20,24,26,12
2017/7/16,2017082,14,18,21,25,28,29,10
2017/7/13,2017081,3,5,14,25,26,30,5
2017/7/11,2017080,1,12,16,20,22,24,8
2017/7/9,2017079,3,7,14,23,25,27,8
2017/7/6,2017078,5,7,18,19,22,24,16
2017/7/4,2017077,1,2,4,15,17,22,14
2017/7/2,2017076,1,4,8,9,14,15,13
2017/6/29,2017075,1,3,6,19,21,29,7
2017/6/27,2017074,2,6,16,23,30,31,2
2017/6/25,2017073,3,6,16,23,26,30,14
2017/6/22,2017072,6,11,14,23,26,30,2
2017/6/20,2017071,2,3,6,14,31,32,3
2017/6/18,2017070,1,6,14,22,25,26,12
2017/6/15,2017069,2,11,12,23,29,31,5
2017/6/13,2017068,2,6,10,22,30,31,15
2017/6/11,2017067,1,3,4,10,18,29,4
2017/6/8,2017066,1,4,6,17,19,26,3
2017/6/6,2017065,2,5,8,10,12,21,7
2017/6/4,2017064,2,10,16,22,24,28,15
2017/6/1,2017063,12,16,20,22,25,31,4
2017/5/30,2017062,1,7,22,24,26,31,10
2017/5/28,2017061,6,7,12,20,26,27,11
2017/5/25,2017060,5,10,13,24,26,31,4
2017/5/23,2017059,4,8,9,15,19,25,9
2017/5/21,2017058,1,9,13,22,28,32,11
2017/5/18,2017057,18,20,22,23,30,31,16
2017/5/16,2017056,13,14,18,19,21,28,6
2017/5/14,2017055,7,12,13,20,24,31,5
2017/5/11,2017054,2,3,9,23,28,33,8
2017/5/9,2017053,4,9,11,15,29,31,6
2017/5/7,2017052,7,8,18,24,29,31,7
2017/5/4,2017051,2,5,9,15,24,25,11
2017/5/2,2017050,10,12,20,24,27,29,7
2017/4/30,2017049,1,8,14,15,20,29,10
2017/4/27,2017048,5,8,9,14,15,19,7
2017/4/25,2017047,2,5,8,10,32,33,2
2017/4/23,2017046,4,13,14,23,26,32,10
2017/4/20,2017045,5,7,16,20,21,25,5
2017/4/18,2017044,8,16,19,21,31,32,6
2017/4/16,2017043,8,13,16,23,27,31,8
2017/4/13,2017042,1,2,4,7,10,23,4
2017/4/11,2017041,4,10,13,15,22,27,4
2017/4/9,2017040,15,19,23,28,29,33,4
2017/4/6,2017039,2,4,12,14,17,24,15
2017/4/4,2017038,1,4,8,13,24,27,5
2017/4/2,2017037,11,15,20,22,25,30,5
2017/3/30,2017036,1,2,5,10,24,27,15
2017/3/28,2017035,1,6,14,24,28,32,12
2017/3/26,2017034,4,7,8,19,32,33,13
2017/3/23,2017033,5,7,15,20,23,30,15
2017/3/21,2017032,5,8,15,24,27,31,11
2017/3/19,2017031,6,10,16,26,27,29,3
2017/3/16,2017030,1,7,9,20,23,30,2
2017/3/14,2017029,2,15,21,23,25,30,10
2017/3/12,2017028,7,8,12,13,22,30,9
2017/3/9,2017027,2,4,11,14,27,30,5
2017/3/7,2017026,3,10,12,19,27,30,8
2017/3/5,2017025,2,15,16,17,22,32,7
2017/3/2,2017024,9,21,25,26,29,31,13
2017/2/28,2017023,1,3,4,11,18,22,14
2017/2/26,2017022,2,6,15,16,18,32,15
2017/2/23,2017021,2,5,10,22,32,33,9
2017/2/21,2017020,4,8,10,12,31,33,10
2017/2/19,2017019,4,6,8,12,23,25,8
2017/2/16,2017018,1,2,3,17,25,31,9
2017/2/14,2017017,3,7,8,10,22,23,12
2017/2/12,2017016,5,8,16,22,27,29,2
2017/2/9,2017015,1,8,9,14,17,32,1
2017/2/7,2017014,6,8,18,20,23,31,13
2017/2/5,2017013,8,11,28,29,31,33,6
2017/1/26,2017012,10,11,14,15,16,24,7
2017/1/24,2017011,10,11,12,23,26,29,16
2017/1/22,2017010,5,8,19,25,28,30,7
2017/1/19,2017009,2,6,8,9,15,29,14
2017/1/17,2017008,7,13,15,27,28,29,13
2017/1/15,2017007,2,4,5,24,26,33,15
2017/1/12,2017006,2,4,8,26,29,33,8
2017/1/10,2017005,6,11,12,22,23,30,5
2017/1/8,2017004,5,13,17,26,27,30,7
2017/1/5,2017003,1,4,8,15,27,32,16
2017/1/3,2017002,15,19,23,24,25,32,3
2017/1/1,2017001,9,11,14,20,25,26,15
2016/12/29,2016153,7,9,16,24,25,29,6
2016/12/27,2016152,2,8,9,16,20,22,7
2016/12/25,2016151,6,11,16,20,22,33,7
2016/12/22,2016150,2,4,5,9,13,21,5
2016/12/20,2016149,3,20,23,26,32,33,7
2016/12/18,2016148,1,2,11,20,26,30,14
2016/12/15,2016147,4,14,18,28,31,32,12
2016/12/13,2016146,3,7,15,16,17,23,10
2016/12/11,2016145,1,3,7,12,19,20,6
2016/12/8,2016144,4,10,12,27,32,33,5
2016/12/6,2016143,6,9,23,24,25,33,13
2016/12/4,2016142,1,10,17,21,23,30,12
2016/12/1,2016141,4,13,15,17,21,24,15
2016/11/29,2016140,1,2,5,17,26,32,10
2016/11/27,2016139,1,6,19,26,28,30,3
2016/11/24,2016138,7,16,20,24,25,30,7
2016/11/22,2016137,1,6,9,10,15,32,14
2016/11/20,2016136,2,7,10,20,27,29,3
2016/11/17,2016135,2,8,10,18,20,33,12
2016/11/15,2016134,11,12,13,14,18,33,13
2016/11/13,2016133,15,16,21,22,27,33,15
2016/11/10,2016132,5,8,13,19,27,28,7
2016/11/8,2016131,4,10,18,19,25,27,2
2016/11/6,2016130,3,17,21,23,27,28,1
2016/11/3,2016129,5,6,8,21,31,33,14
2016/11/1,2016128,4,9,11,17,26,27,13
2016/10/30,2016127,7,12,17,26,29,31,16
2016/10/27,2016126,2,6,12,17,18,19,10
2016/10/25,2016125,1,6,8,20,27,30,3
2016/10/23,2016124,9,15,21,24,27,32,10
2016/10/20,2016123,7,9,12,14,20,27,16
2016/10/18,2016122,15,22,23,24,28,29,8
2016/10/16,2016121,2,3,10,23,25,28,9
2016/10/13,2016120,2,5,6,21,25,28,9
2016/10/11,2016119,9,19,21,30,31,32,4
2016/10/9,2016118,9,14,22,23,31,33,14
2016/10/6,2016117,3,10,14,17,28,33,2
2016/10/4,2016116,7,18,20,23,27,31,13
2016/10/2,2016115,6,8,20,22,26,27,9
2016/9/29,2016114,5,16,20,22,27,29,9
2016/9/27,2016113,1,11,16,17,20,26,14
2016/9/25,2016112,6,12,14,15,18,25,12
2016/9/22,2016111,2,4,7,14,15,32,4
2016/9/20,2016110,5,7,28,31,32,33,8
2016/9/18,2016109,9,11,15,16,27,33,5
2016/9/15,2016108,2,3,7,8,19,26,16
2016/9/13,2016107,6,11,18,26,27,32,1
2016/9/11,2016106,4,5,13,22,25,30,4
2016/9/8,2016105,8,10,19,27,28,31,16
2016/9/6,2016104,5,9,11,18,30,31,4
2016/9/4,2016103,1,5,13,19,24,27,11
2016/9/1,2016102,5,8,10,14,17,30,13
2016/8/30,2016101,1,3,19,24,32,33,1
2016/8/28,2016100,3,10,22,23,27,29,4
2016/8/25,2016099,1,11,21,23,27,33,6
2016/8/23,2016098,2,8,25,29,31,32,6
2016/8/21,2016097,6,13,25,26,28,31,1
2016/8/18,2016096,6,13,14,21,22,24,16
2016/8/16,2016095,1,5,9,12,18,32,12
2016/8/14,2016094,6,7,10,12,18,31,10
2016/8/11,2016093,6,9,15,17,25,27,9
2016/8/9,2016092,2,13,15,23,24,29,6
2016/8/7,2016091,4,8,14,22,23,28,7
2016/8/4,2016090,2,13,17,20,21,26,7
2016/8/2,2016089,1,3,14,30,31,32,8
2016/7/31,2016088,3,14,16,18,25,33,15
2016/7/28,2016087,2,3,10,11,14,21,12
2016/7/26,2016086,9,10,11,12,15,32,5
2016/7/24,2016085,1,12,19,20,21,25,16
2016/7/21,2016084,2,4,12,18,24,26,5
2016/7/19,2016083,9,16,17,24,30,31,4
2016/7/17,2016082,6,12,14,15,17,20,9
2016/7/14,2016081,2,6,15,25,30,32,7
2016/7/12,2016080,1,16,17,24,25,32,14
2016/7/10,2016079,1,3,10,12,24,28,2
2016/7/7,2016078,2,4,8,23,26,29,2
2016/7/5,2016077,1,9,17,19,20,29,10
2016/7/3,2016076,7,8,13,22,30,32,1
2016/6/30,2016075,1,3,6,16,29,32,7
2016/6/28,2016074,6,10,11,12,20,25,12
2016/6/26,2016073,9,11,12,15,16,20,13
2016/6/23,2016072,5,16,19,22,24,25,2
2016/6/21,2016071,19,21,26,28,29,32,1
2016/6/19,2016070,3,6,11,18,23,29,1
2016/6/16,2016069,8,10,11,20,21,27,11
2016/6/14,2016068,8,19,23,28,31,32,1
2016/6/12,2016067,9,13,18,20,27,31,4
2016/6/9,2016066,3,7,13,18,19,20,5
2016/6/7,2016065,13,16,22,25,26,27,14
2016/6/5,2016064,3,12,14,17,19,26,3
2016/6/2,2016063,16,17,18,23,28,32,7
2016/5/31,2016062,12,13,15,18,19,21,9
2016/5/29,2016061,5,6,8,18,20,32,8
2016/5/26,2016060,4,5,22,26,29,32,8
2016/5/24,2016059,4,11,12,20,25,28,15
2016/5/22,2016058,3,5,18,20,24,32,11
2016/5/19,2016057,7,12,19,22,23,26,11
2016/5/17,2016056,3,4,8,11,16,18,14
2016/5/15,2016055,5,6,10,16,22,26,11
2016/5/12,2016054,6,11,16,19,28,32,4
2016/5/10,2016053,2,8,10,12,29,31,1
2016/5/8,2016052,1,6,13,19,24,28,16
2016/5/5,2016051,1,2,4,9,15,33,12
2016/5/3,2016050,9,12,24,28,29,30,2
2016/5/1,2016049,6,8,13,14,22,27,10
2016/4/28,2016048,3,8,13,14,15,30,4
2016/4/26,2016047,2,5,8,15,17,22,16
2016/4/24,2016046,7,20,25,26,27,30,14
2016/4/21,2016045,4,9,12,17,30,32,3
2016/4/19,2016044,1,3,10,12,18,30,1
2016/4/17,2016043,5,14,20,26,30,33,12
2016/4/14,2016042,7,14,17,23,26,31,9
2016/4/12,2016041,12,17,18,21,22,24,4
2016/4/10,2016040,3,13,19,20,23,26,3
2016/4/7,2016039,1,3,7,18,19,27,16
2016/4/5,2016038,3,12,13,22,28,29,3
2016/4/3,2016037,6,15,26,31,32,33,16
2016/3/31,2016036,3,4,7,9,20,22,3
2016/3/29,2016035,4,13,19,20,26,29,11
2016/3/27,2016034,3,15,21,22,23,28,15
2016/3/24,2016033,6,17,18,20,27,29,15
2016/3/22,2016032,8,12,14,15,21,27,15
2016/3/20,2016031,3,8,10,19,26,33,3
2016/3/17,2016030,10,14,19,22,25,29,12
2016/3/15,2016029,12,15,18,20,21,27,15
2016/3/13,2016028,6,8,12,21,25,29,1
2016/3/10,2016027,11,13,15,17,19,31,5
2016/3/8,2016026,4,9,12,28,30,33,1
2016/3/6,2016025,4,11,12,17,24,30,12
2016/3/3,2016024,2,5,7,14,18,31,13
2016/3/1,2016023,3,6,10,19,25,29,7
2016/2/28,2016022,4,9,19,22,23,30,7
2016/2/25,2016021,9,11,13,22,24,26,5
2016/2/23,2016020,1,2,10,12,22,24,10
2016/2/21,2016019,6,13,16,17,23,30,10
2016/2/18,2016018,12,13,14,17,21,25,4
2016/2/16,2016017,5,6,8,20,22,30,5
2016/2/14,2016016,1,20,22,24,25,26,16
2016/2/4,2016015,1,2,14,22,25,26,7
2016/2/2,2016014,2,8,10,18,20,27,7
2016/1/31,2016013,7,12,21,22,26,31,1
2016/1/28,2016012,7,12,14,16,27,32,15
2016/1/26,2016011,3,8,10,15,22,29,12
2016/1/24,2016010,2,4,12,14,19,25,6
2016/1/21,2016009,10,14,24,25,27,32,4
2016/1/19,2016008,2,15,24,29,32,33,2
2016/1/17,2016007,5,12,14,20,27,29,6
2016/1/14,2016006,13,16,18,20,28,31,12
2016/1/12,2016005,11,14,18,20,31,33,14
2016/1/10,2016004,8,10,17,22,25,33,12
2016/1/7,2016003,1,10,14,23,26,28,1
2016/1/5,2016002,9,14,17,20,24,30,16
2016/1/3,2016001,6,13,16,18,20,22,13
2015/12/31,2015154,7,9,11,15,18,25,7
2015/12/29,2015153,8,11,15,22,27,29,3
2015/12/27,2015152,11,18,19,21,29,32,12
2015/12/24,2015151,5,6,8,23,31,32,11
2015/12/22,2015150,1,3,8,11,29,31,13
2015/12/20,2015149,9,10,20,21,22,33,9
2015/12/17,2015148,9,13,14,22,26,27,7
2015/12/15,2015147,8,9,16,23,24,30,5
2015/12/13,2015146,16,17,21,28,30,32,15
2015/12/10,2015145,7,8,15,19,20,24,13
2015/12/8,2015144,1,4,7,15,28,32,16
2015/12/6,2015143,13,15,19,20,21,32,4
2015/12/3,2015142,13,17,19,20,22,25,11
2015/12/1,2015141,3,8,19,25,27,28,2
2015/11/29,2015140,6,20,28,29,30,31,12
2015/11/26,2015139,1,10,13,18,25,27,9
2015/11/24,2015138,1,2,8,16,19,24,11
2015/11/22,2015137,14,22,23,27,28,31,12
2015/11/19,2015136,2,5,12,23,28,29,1
2015/11/17,2015135,1,12,14,18,26,32,7
2015/11/15,2015134,2,5,14,19,27,31,4
2015/11/12,2015133,2,3,13,20,22,24,15
2015/11/10,2015132,3,5,11,28,30,33,1
2015/11/8,2015131,10,12,13,19,22,26,3
2015/11/5,2015130,6,14,15,16,17,22,10
2015/11/3,2015129,5,8,11,16,18,27,4
2015/11/1,2015128,1,3,8,11,22,28,6
2015/10/29,2015127,7,10,19,22,27,33,6
2015/10/27,2015126,10,11,15,20,23,29,12
2015/10/25,2015125,5,13,22,27,30,33,10
2015/10/22,2015124,2,3,5,12,18,27,1
2015/10/20,2015123,5,8,9,12,22,28,7
2015/10/18,2015122,5,7,11,16,22,25,7
2015/10/15,2015121,1,3,20,21,28,29,12
2015/10/13,2015120,16,21,24,26,27,29,16
2015/10/11,2015119,2,8,10,18,23,31,8
2015/10/8,2015118,1,4,11,21,23,31,12
2015/10/6,2015117,4,11,12,18,26,32,12
2015/10/4,2015116,4,6,15,23,26,28,11
2015/10/1,2015115,1,7,8,14,24,32,3
2015/9/29,2015114,4,7,9,13,21,26,1
2015/9/27,2015113,1,5,7,8,19,27,12
2015/9/24,2015112,1,3,10,19,20,27,11
2015/9/22,2015111,8,14,16,18,20,30,12
2015/9/20,2015110,5,7,16,17,22,23,4
2015/9/17,2015109,1,8,9,16,32,33,13
2015/9/15,2015108,2,12,19,22,24,27,15
2015/9/13,2015107,7,14,16,18,21,25,8
2015/9/10,2015106,1,3,4,23,31,32,13
2015/9/8,2015105,9,10,16,19,20,26,12
2015/9/6,2015104,9,18,21,23,25,26,1
2015/9/3,2015103,6,8,13,26,30,32,14
2015/9/1,2015102,7,9,12,14,21,23,6
2015/8/30,2015101,8,16,22,24,28,29,5
2015/8/27,2015100,2,3,11,17,19,21,8
2015/8/25,2015099,6,7,10,11,14,22,9
2015/8/23,2015098,6,9,13,26,27,33,1
2015/8/20,2015097,9,12,14,20,26,27,4
2015/8/18,2015096,6,16,17,23,24,31,7
2015/8/16,2015095,4,15,21,28,30,31,4
2015/8/13,2015094,1,4,6,13,16,17,10
2015/8/11,2015093,1,3,13,21,25,31,8
2015/8/9,2015092,9,15,19,21,26,27,1
2015/8/6,2015091,5,7,17,19,22,31,11
2015/8/4,2015090,10,12,14,22,25,33,15
2015/8/2,2015089,12,14,19,27,28,29,1
2015/7/30,2015088,2,12,20,24,29,31,9
2015/7/28,2015087,9,15,16,19,20,28,11
2015/7/26,2015086,5,6,8,16,18,22,12
2015/7/23,2015085,2,8,25,27,28,29,5
2015/7/21,2015084,15,18,20,22,28,29,15
2015/7/19,2015083,6,7,16,18,29,32,5
2015/7/16,2015082,2,8,9,14,28,30,7
2015/7/14,2015081,13,20,22,26,28,31,13
2015/7/12,2015080,14,17,25,27,28,30,2
2015/7/9,2015079,9,14,15,20,26,32,11
2015/7/7,2015078,3,7,20,22,26,29,2
2015/7/5,2015077,1,6,8,10,13,27,16
2015/7/2,2015076,1,9,10,19,23,27,9
2015/6/30,2015075,6,11,13,19,21,32,4
2015/6/28,2015074,4,7,21,25,26,29,8
2015/6/25,2015073,1,2,17,22,26,27,4
2015/6/23,2015072,1,3,5,20,21,31,5
2015/6/21,2015071,8,18,20,28,29,31,8
2015/6/18,2015070,1,7,13,19,21,29,15
2015/6/16,2015069,1,13,17,18,23,30,15
2015/6/14,2015068,6,15,18,21,26,27,10
2015/6/11,2015067,2,5,8,24,25,31,14
2015/6/9,2015066,5,8,11,17,24,28,16
2015/6/7,2015065,8,10,14,19,26,29,12
2015/6/4,2015064,11,12,14,17,23,27,1
2015/6/2,2015063,1,7,9,16,22,32,12
2015/5/31,2015062,9,14,15,18,21,26,16
2015/5/28,2015061,6,18,22,26,32,33,4
2015/5/26,2015060,1,3,18,27,31,32,13
2015/5/24,2015059,2,6,9,16,25,32,14
2015/5/21,2015058,2,9,10,18,19,20,15
2015/5/19,2015057,9,20,24,25,26,32,4
2015/5/17,2015056,1,7,8,16,18,20,14
2015/5/14,2015055,1,10,15,18,19,28,2
2015/5/12,2015054,1,2,7,10,22,26,7
2015/5/10,2015053,3,7,17,22,32,33,10
2015/5/7,2015052,2,4,11,16,25,26,12
2015/5/5,2015051,4,10,24,26,28,32,9
2015/5/3,2015050,3,9,12,16,17,31,4
2015/4/30,2015049,7,12,14,17,20,23,5
2015/4/28,2015048,13,16,17,22,25,27,10
2015/4/26,2015047,2,3,20,24,26,27,9
2015/4/23,2015046,5,7,10,14,23,31,1
2015/4/21,2015045,1,5,13,22,30,31,7
2015/4/19,2015044,2,3,4,13,14,16,2
2015/4/16,2015043,11,12,15,24,26,27,15
2015/4/14,2015042,9,10,19,21,23,32,8
2015/4/12,2015041,4,9,11,17,21,25,6
2015/4/9,2015040,13,16,18,27,30,32,16
2015/4/7,2015039,1,13,15,26,29,30,12
2015/4/5,2015038,5,6,11,12,14,33,14
2015/4/2,2015037,5,7,12,18,28,31,3
2015/3/31,2015036,4,6,16,17,26,33,3
2015/3/29,2015035,1,8,9,22,24,33,3
2015/3/26,2015034,12,13,17,18,20,27,13
2015/3/24,2015033,3,6,21,29,31,32,5
2015/3/22,2015032,11,14,16,18,29,32,16
2015/3/19,2015031,1,5,7,22,26,32,11
2015/3/17,2015030,8,11,14,15,16,26,7
2015/3/15,2015029,7,14,15,19,21,28,7
2015/3/12,2015028,4,7,10,26,27,28,14
2015/3/10,2015027,5,7,9,16,26,29,7
2015/3/8,2015026,2,13,17,21,22,33,13
2015/3/5,2015025,10,11,12,15,27,32,14
2015/3/3,2015024,9,11,16,18,23,24,10
2015/3/1,2015023,8,9,10,13,29,30,1
2015/2/26,2015022,4,7,10,16,23,25,10
2015/2/17,2015021,14,15,16,17,27,28,8
2015/2/15,2015020,1,4,7,19,22,23,4
2015/2/12,2015019,2,6,11,19,25,26,4
2015/2/10,2015018,6,9,12,14,28,29,9
2015/2/8,2015017,13,18,20,25,27,33,12
2015/2/5,2015016,2,6,10,15,17,31,13
2015/2/3,2015015,1,7,20,24,25,33,4
2015/2/1,2015014,2,12,16,19,27,30,11
2015/1/29,2015013,8,9,24,25,26,29,1
2015/1/27,2015012,3,5,22,23,29,31,6
2015/1/25,2015011,4,14,15,17,18,20,15
2015/1/22,2015010,1,2,3,8,21,31,9
2015/1/20,2015009,4,7,14,17,21,25,14
2015/1/18,2015008,4,7,10,16,20,22,3
2015/1/15,2015007,1,7,9,17,20,33,8
2015/1/13,2015006,1,10,11,29,31,33,13
2015/1/11,2015005,7,10,16,17,18,32,15
2015/1/8,2015004,2,14,15,16,23,24,10
2015/1/6,2015003,10,15,20,23,24,31,15
2015/1/4,2015002,7,15,16,25,28,32,5
2015/1/1,2015001,1,7,9,16,20,23,6
2014/12/30,2014152,8,13,15,20,21,25,12
2014/12/28,2014151,4,5,8,11,21,27,8
2014/12/25,2014150,3,8,14,22,24,32,9
2014/12/23,2014149,7,9,10,15,19,33,1
2014/12/21,2014148,1,2,5,12,15,16,13
2014/12/18,2014147,6,7,22,26,31,32,10
2014/12/16,2014146,1,6,13,20,29,32,1
2014/12/14,2014145,10,12,13,23,26,29,11
2014/12/11,2014144,3,5,6,9,10,27,14
2014/12/9,2014143,3,12,18,20,25,26,16
2014/12/7,2014142,6,21,22,23,25,28,13
2014/12/4,2014141,8,9,11,16,21,24,10
2014/12/2,2014140,6,10,11,14,17,33,6
2014/11/30,2014139,1,14,15,20,25,29,11
2014/11/27,2014138,4,6,13,29,31,33,13
2014/11/25,2014137,3,6,9,11,25,29,9
2014/11/23,2014136,3,16,19,27,31,32,10
2014/11/20,2014135,2,4,11,13,25,33,1
2014/11/18,2014134,5,16,22,23,26,28,2
2014/11/16,2014133,13,14,16,23,30,31,13
2014/11/13,2014132,5,6,14,15,18,33,8
2014/11/11,2014131,5,17,21,22,28,32,14
2014/11/9,2014130,1,2,10,24,30,33,10
2014/11/6,2014129,5,8,9,20,28,32,2
2014/11/4,2014128,5,7,8,17,18,24,14
2014/11/2,2014127,2,10,12,21,23,27,12
2014/10/30,2014126,6,11,16,17,22,27,1
2014/10/28,2014125,10,11,15,26,31,32,6
2014/10/26,2014124,2,17,20,24,31,33,4
2014/10/23,2014123,1,6,11,17,28,33,5
2014/10/21,2014122,6,9,11,16,20,29,11
2014/10/19,2014121,1,2,13,22,28,30,9
2014/10/16,2014120,1,7,12,16,23,28,4
2014/10/14,2014119,6,13,17,20,26,29,9
2014/10/12,2014118,5,7,15,18,26,30,3
2014/10/9,2014117,5,10,17,25,28,29,4
2014/10/7,2014116,9,10,14,15,19,29,16
2014/10/5,2014115,1,9,10,11,13,32,3
2014/10/2,2014114,2,7,23,30,32,33,10
2014/9/30,2014113,12,14,28,31,32,33,7
2014/9/28,2014112,1,15,16,21,24,30,3
2014/9/25,2014111,2,8,17,20,22,28,2
2014/9/23,2014110,1,8,11,13,19,30,6
2014/9/21,2014109,2,5,11,15,19,28,2
2014/9/18,2014108,3,8,9,20,23,28,2
2014/9/16,2014107,11,14,17,22,25,27,16
2014/9/14,2014106,9,14,17,18,21,25,15
2014/9/11,2014105,14,16,17,19,27,32,4
2014/9/9,2014104,2,6,12,19,27,28,13
2014/9/7,2014103,3,8,9,10,18,33,4
2014/9/4,2014102,14,16,21,24,28,31,13
2014/9/2,2014101,16,18,20,23,24,32,7
2014/8/31,2014100,1,6,9,10,14,16,11
2014/8/28,2014099,1,5,10,11,13,32,14
2014/8/26,2014098,2,13,17,20,29,31,7
2014/8/24,2014097,7,13,24,25,27,32,15
2014/8/21,2014096,12,14,17,19,22,24,8
2014/8/19,2014095,5,6,8,14,22,31,8
2014/8/17,2014094,1,10,18,20,23,29,1
2014/8/14,2014093,2,8,9,10,20,29,5
2014/8/12,2014092,3,13,18,19,22,26,7
2014/8/10,2014091,1,5,12,19,27,29,14
2014/8/7,2014090,5,9,11,19,24,32,13
2014/8/5,2014089,4,6,14,17,27,30,9
2014/8/3,2014088,3,6,11,14,16,29,15
2014/7/31,2014087,6,18,22,23,32,33,6
2014/7/29,2014086,2,4,10,12,14,30,8
2014/7/27,2014085,1,2,11,19,23,29,8
2014/7/24,2014084,1,6,9,10,13,25,8
2014/7/22,2014083,5,6,19,21,23,33,12
2014/7/20,2014082,2,4,20,25,26,29,11
2014/7/17,2014081,8,14,22,24,27,29,10
2014/7/15,2014080,5,14,16,17,25,30,7
2014/7/13,2014079,2,7,16,22,27,28,2
2014/7/10,2014078,2,3,5,6,9,17,7
2014/7/8,2014077,8,9,12,15,19,22,10
2014/7/6,2014076,6,10,12,17,18,33,11
2014/7/3,2014075,3,9,11,22,27,29,6
2014/7/1,2014074,1,3,6,13,30,31,12
2014/6/29,2014073,1,12,16,20,30,33,2
2014/6/26,2014072,1,3,7,13,19,32,16
2014/6/24,2014071,2,4,12,17,22,25,14
2014/6/22,2014070,1,7,9,19,28,29,7
2014/6/19,2014069,5,12,17,19,25,30,11
2014/6/17,2014068,4,12,13,22,27,29,16
2014/6/15,2014067,1,6,7,17,18,23,6
2014/6/12,2014066,2,5,15,17,18,21,16
2014/6/10,2014065,3,4,5,8,10,22,6
2014/6/8,2014064,2,9,15,16,29,32,14
2014/6/5,2014063,3,8,17,21,22,31,16
2014/6/3,2014062,6,9,15,24,25,26,9
2014/6/1,2014061,2,14,17,27,28,31,8
2014/5/29,2014060,3,5,14,18,25,33,6
2014/5/27,2014059,5,8,12,13,23,25,13
2014/5/25,2014058,2,3,12,13,14,25,11
2014/5/22,2014057,2,4,12,18,23,31,8
2014/5/20,2014056,1,11,18,20,28,29,1
2014/5/18,2014055,2,9,14,19,21,30,4
2014/5/15,2014054,1,4,5,11,29,30,14
2014/5/13,2014053,14,17,19,22,26,31,2
2014/5/11,2014052,9,13,15,28,30,33,8
2014/5/8,2014051,10,16,19,21,23,24,13
2014/5/6,2014050,3,17,23,25,26,32,13
2014/5/4,2014049,6,7,16,17,23,32,6
2014/5/1,2014048,6,9,16,17,24,25,16
2014/4/29,2014047,8,10,11,12,19,29,15
2014/4/27,2014046,2,10,11,17,18,22,10
2014/4/24,2014045,2,4,9,11,19,22,15
2014/4/22,2014044,4,9,21,27,28,33,12
2014/4/20,2014043,2,5,9,14,24,33,9
2014/4/17,2014042,12,15,20,25,28,33,14
2014/4/15,2014041,7,11,16,18,21,22,2
2014/4/13,2014040,3,4,6,11,12,15,8
2014/4/10,2014039,3,11,15,19,20,31,7
2014/4/8,2014038,4,7,22,23,24,33,16
2014/4/6,2014037,6,13,14,24,25,30,7
2014/4/3,2014036,1,7,8,9,11,22,3
2014/4/1,2014035,7,8,9,17,32,33,6
2014/3/30,2014034,1,3,4,8,25,31,6
2014/3/27,2014033,5,13,23,28,32,33,12
2014/3/25,2014032,1,2,14,22,29,33,7
2014/3/23,2014031,4,10,16,17,21,27,14
2014/3/20,2014030,12,18,19,23,24,30,10
2014/3/18,2014029,2,7,14,16,21,29,14
2014/3/16,2014028,6,16,21,27,30,32,5
2014/3/13,2014027,8,10,14,16,30,31,1
2014/3/11,2014026,1,2,5,6,11,23,14
2014/3/9,2014025,1,5,10,14,16,30,16
2014/3/6,2014024,8,10,16,20,23,30,9
2014/3/4,2014023,7,9,13,17,21,22,10
2014/3/2,2014022,4,6,7,10,21,26,16
2014/2/27,2014021,8,10,15,17,22,29,12
2014/2/25,2014020,9,14,17,23,24,25,15
2014/2/23,2014019,2,10,15,19,20,21,7
2014/2/20,2014018,13,17,18,21,30,33,15
2014/2/18,2014017,4,6,7,14,25,26,10
2014/2/16,2014016,2,3,7,13,21,24,8
2014/2/13,2014015,2,11,19,30,32,33,9
2014/2/11,2014014,4,9,19,22,25,29,15
2014/2/9,2014013,5,9,13,15,17,21,13
2014/1/28,2014012,1,8,11,19,21,24,8
2014/1/26,2014011,9,10,13,14,21,32,2
2014/1/23,2014010,5,7,8,20,31,33,11
2014/1/21,2014009,8,9,19,20,25,32,16
2014/1/19,2014008,5,14,16,21,29,30,12
2014/1/16,2014007,8,10,12,14,18,28,14
2014/1/14,2014006,3,4,7,17,21,27,14
2014/1/12,2014005,15,18,23,27,32,33,4
2014/1/9,2014004,1,4,19,22,24,25,15
2014/1/7,2014003,6,10,11,28,30,33,12
2014/1/5,2014002,4,21,23,31,32,33,4
2014/1/2,2014001,3,9,15,20,27,29,1
2013/12/31,2013154,7,11,14,19,24,29,5
2013/12/29,2013153,8,11,13,18,28,33,10
2013/12/26,2013152,4,6,14,16,18,29,5
2013/12/24,2013151,3,9,10,19,28,33,9
2013/12/22,2013150,1,15,16,25,26,29,10
2013/12/19,2013149,9,18,25,26,30,32,11
2013/12/17,2013148,6,11,12,14,17,22,1
2013/12/15,2013147,2,15,16,17,19,30,8
2013/12/12,2013146,8,20,25,30,32,33,1
2013/12/10,2013145,6,10,13,16,23,24,15
2013/12/8,2013144,5,7,12,19,27,31,2
2013/12/5,2013143,12,18,21,22,27,32,11
2013/12/3,2013142,11,12,14,20,22,29,14
2013/12/1,2013141,3,4,5,25,30,31,4
2013/11/28,2013140,1,5,12,13,21,22,10
2013/11/26,2013139,7,8,11,13,21,27,8
2013/11/24,2013138,4,15,16,24,27,28,3
2013/11/21,2013137,4,17,19,23,24,27,10
2013/11/19,2013136,4,6,14,16,18,26,6
2013/11/17,2013135,9,23,24,25,29,31,12
2013/11/14,2013134,1,17,18,19,25,29,10
2013/11/12,2013133,4,7,12,19,22,25,1
2013/11/10,2013132,20,21,22,23,25,27,12
2013/11/7,2013131,4,6,12,17,19,26,9
2013/11/5,2013130,1,3,15,16,31,33,8
2013/11/3,2013129,5,6,10,14,27,31,14
2013/10/31,2013128,7,13,17,19,25,31,8
2013/10/29,2013127,2,3,13,20,22,33,14
2013/10/27,2013126,4,10,19,27,31,33,16
2013/10/24,2013125,4,6,8,18,25,28,16
2013/10/22,2013124,3,9,15,23,25,30,7
2013/10/20,2013123,1,2,6,11,17,25,2
2013/10/17,2013122,7,10,13,15,26,27,11
2013/10/15,2013121,4,5,6,7,25,27,7
2013/10/13,2013120,5,6,13,18,23,31,11
2013/10/10,2013119,5,15,20,22,26,32,9
2013/10/8,2013118,2,3,17,22,32,33,16
2013/10/6,2013117,9,12,13,24,27,33,16
2013/10/3,2013116,12,15,21,26,32,33,7
2013/10/1,2013115,3,12,16,17,18,27,8
2013/9/29,2013114,4,6,17,21,23,33,7
2013/9/26,2013113,4,7,11,17,24,33,9
2013/9/24,2013112,1,6,12,13,22,31,7
2013/9/22,2013111,1,2,3,6,8,33,13
2013/9/19,2013110,15,17,18,21,29,32,13
2013/9/17,2013109,9,23,24,27,29,32,8
2013/9/15,2013108,16,21,22,28,31,32,5
2013/9/12,2013107,7,9,11,17,28,31,11
2013/9/10,2013106,9,11,23,30,31,32,6
2013/9/8,2013105,1,11,23,27,31,32,9
2013/9/5,2013104,1,2,4,15,17,28,11
2013/9/3,2013103,2,4,9,13,18,20,7
2013/9/1,2013102,2,4,5,6,8,16,3
2013/8/29,2013101,5,7,9,23,27,32,1
2013/8/27,2013100,4,8,11,14,16,20,11
2013/8/25,2013099,5,11,20,21,26,31,3
2013/8/22,2013098,7,15,18,19,20,26,14
2013/8/20,2013097,5,14,17,22,23,25,7
2013/8/18,2013096,1,2,22,28,29,30,15
2013/8/15,2013095,1,6,15,19,28,29,10
2013/8/13,2013094,2,4,14,18,20,22,7
2013/8/11,2013093,1,2,8,26,29,31,14
2013/8/8,2013092,7,11,15,21,26,31,6
2013/8/6,2013091,4,14,24,25,28,31,10
2013/8/4,2013090,2,5,11,23,24,29,8
2013/8/1,2013089,4,8,12,19,21,25,13
2013/7/30,2013088,9,15,20,21,22,24,14
2013/7/28,2013087,2,13,19,23,24,28,5
2013/7/25,2013086,2,4,11,13,16,26,11
2013/7/23,2013085,2,8,12,14,16,32,16
2013/7/21,2013084,5,7,9,11,20,21,3
2013/7/18,2013083,5,6,12,14,19,23,9
2013/7/16,2013082,4,13,14,20,22,30,6
2013/7/14,2013081,1,4,10,13,21,31,13
2013/7/11,2013080,10,11,12,23,28,32,16
2013/7/9,2013079,7,13,17,19,22,26,13
2013/7/7,2013078,3,5,17,18,26,27,15
2013/7/4,2013077,9,14,23,24,26,29,3
2013/7/2,2013076,14,23,24,26,29,30,3
2013/6/30,2013075,4,6,9,25,30,33,14
2013/6/27,2013074,3,6,8,14,19,32,3
2013/6/25,2013073,2,9,13,17,20,28,11
2013/6/23,2013072,2,8,11,14,19,33,9
2013/6/20,2013071,5,12,21,23,26,28,9
2013/6/18,2013070,2,3,9,10,28,30,6
2013/6/16,2013069,7,16,17,18,30,33,6
2013/6/13,2013068,2,7,13,20,25,27,6
2013/6/11,2013067,1,4,9,15,22,30,6
2013/6/9,2013066,1,3,16,17,20,32,7
2013/6/6,2013065,7,18,19,23,29,30,2
2013/6/4,2013064,1,9,13,22,25,32,12
2013/6/2,2013063,10,15,18,20,23,31,12
2013/5/30,2013062,1,6,7,19,22,27,2
2013/5/28,2013061,5,6,7,12,13,18,12
2013/5/26,2013060,5,7,10,13,19,20,15
2013/5/23,2013059,3,10,18,24,27,29,9
2013/5/21,2013058,8,11,17,21,23,24,5
2013/5/19,2013057,13,16,19,23,26,28,5
2013/5/16,2013056,3,12,25,26,28,29,16
2013/5/14,2013055,8,18,19,22,27,32,6
2013/5/12,2013054,3,4,8,14,21,28,14
2013/5/9,2013053,3,12,13,22,30,33,14
2013/5/7,2013052,6,7,14,21,22,24,13
2013/5/5,2013051,8,12,15,19,28,29,2
2013/5/2,2013050,3,7,13,18,22,25,3
2013/4/30,2013049,10,13,14,16,21,32,14
2013/4/28,2013048,10,13,17,28,30,32,4
2013/4/25,2013047,1,8,11,17,27,30,12
2013/4/23,2013046,3,16,19,20,24,26,6
2013/4/21,2013045,6,7,8,14,23,31,12
2013/4/18,2013044,3,5,11,18,26,28,6
2013/4/16,2013043,3,6,14,15,17,25,16
2013/4/14,2013042,1,8,12,13,15,33,3
2013/4/11,2013041,2,10,12,17,23,24,5
2013/4/9,2013040,2,4,10,12,17,30,10
2013/4/7,2013039,1,2,14,15,24,29,6
2013/4/4,2013038,9,10,12,14,15,19,11
2013/4/2,2013037,2,15,18,27,28,32,14
2013/3/31,2013036,4,5,9,27,29,31,13
2013/3/28,2013035,1,14,15,17,26,30,2
2013/3/26,2013034,6,15,20,22,26,33,9
2013/3/24,2013033,5,6,13,17,19,28,1
2013/3/21,2013032,4,21,25,29,30,33,3
2013/3/19,2013031,3,13,14,15,21,33,3
2013/3/17,2013030,7,14,18,25,26,29,6
2013/3/14,2013029,6,7,10,19,23,29,12
2013/3/12,2013028,7,8,14,25,26,28,13
2013/3/10,2013027,1,2,4,12,21,24,12
2013/3/7,2013026,4,11,14,15,22,31,11
2013/3/5,2013025,16,17,18,24,25,30,8
2013/3/3,2013024,4,5,13,23,27,30,9
2013/2/28,2013023,3,6,15,18,30,32,5
2013/2/26,2013022,2,4,7,9,15,20,7
2013/2/24,2013021,1,6,17,19,26,31,11
2013/2/21,2013020,1,7,8,12,16,21,1
2013/2/19,2013019,1,2,5,16,20,26,6
2013/2/17,2013018,2,8,13,28,29,30,5
2013/2/7,2013017,4,6,12,30,31,32,9
2013/2/5,2013016,2,5,6,12,14,28,5
2013/2/3,2013015,5,6,7,11,13,18,15
2013/1/31,2013014,2,4,5,17,19,20,8
2013/1/29,2013013,5,6,13,19,22,28,9
2013/1/27,2013012,6,14,17,22,28,29,2
2013/1/24,2013011,3,12,17,24,27,29,9
2013/1/22,2013010,1,9,11,17,32,33,12
2013/1/20,2013009,1,4,9,13,16,23,2
2013/1/17,2013008,3,8,17,21,25,32,15
2013/1/15,2013007,2,9,15,22,26,32,1
2013/1/13,2013006,9,10,13,17,22,30,13
2013/1/10,2013005,1,13,14,25,31,32,12
2013/1/8,2013004,6,10,16,20,27,32,8
2013/1/6,2013003,22,23,26,27,28,33,9
2013/1/3,2013002,1,16,18,22,28,30,12
2013/1/1,2013001,6,8,14,15,24,25,6
2012/12/30,2012154,5,7,12,16,28,32,4
2012/12/27,2012153,4,5,11,21,27,28,10
2012/12/25,2012152,10,12,18,22,28,29,7
2012/12/23,2012151,5,14,24,25,26,32,1
2012/12/20,2012150,9,11,17,23,24,26,7
2012/12/18,2012149,1,5,13,25,26,32,13
2012/12/16,2012148,3,6,11,17,21,31,7
2012/12/13,2012147,2,12,15,23,24,32,9
2012/12/11,2012146,1,5,7,13,29,32,13
2012/12/9,2012145,5,20,26,27,28,33,3
2012/12/6,2012144,3,10,12,13,27,30,4
2012/12/4,2012143,7,8,18,25,30,32,6
2012/12/2,2012142,5,18,22,28,29,31,6
2012/11/29,2012141,3,5,8,19,20,27,9
2012/11/27,2012140,14,18,27,30,31,33,15
2012/11/25,2012139,8,19,21,24,28,31,15
2012/11/22,2012138,1,7,16,17,19,21,14
2012/11/20,2012137,1,2,4,6,13,17,7
2012/11/18,2012136,2,7,8,17,21,28,11
2012/11/15,2012135,2,5,7,8,11,17,16
2012/11/13,2012134,2,5,6,7,13,23,15
2012/11/11,2012133,1,8,11,20,21,29,2
2012/11/8,2012132,7,12,16,17,21,25,10
2012/11/6,2012131,6,18,19,26,28,32,12
2012/11/4,2012130,1,3,15,20,22,31,3
2012/11/1,2012129,1,7,9,17,21,29,1
2012/10/30,2012128,5,9,12,29,30,31,5
2012/10/28,2012127,1,9,11,21,26,32,8
2012/10/25,2012126,3,5,12,15,23,24,7
2012/10/23,2012125,8,12,13,26,29,33,1
2012/10/21,2012124,6,7,21,25,27,33,11
2012/10/18,2012123,8,10,16,25,28,33,9
2012/10/16,2012122,12,13,19,22,28,29,11
2012/10/14,2012121,1,7,8,20,23,24,11
2012/10/11,2012120,1,4,20,24,28,29,16
2012/10/9,2012119,12,20,25,26,27,28,13
2012/10/7,2012118,5,6,7,12,15,28,11
2012/10/4,2012117,13,15,18,20,24,28,9
2012/10/2,2012116,3,21,26,29,31,32,3
2012/9/30,2012115,3,8,20,24,26,32,14
2012/9/27,2012114,1,6,11,26,27,29,15
2012/9/25,2012113,3,6,9,13,18,32,6
2012/9/23,2012112,8,15,20,21,27,31,6
2012/9/20,2012111,2,9,10,20,22,31,13
2012/9/18,2012110,3,7,10,13,22,32,9
2012/9/16,2012109,2,12,24,26,29,31,3
2012/9/13,2012108,1,9,12,13,19,28,13
2012/9/11,2012107,11,12,15,24,25,31,9
2012/9/9,2012106,13,14,20,22,23,32,16
2012/9/6,2012105,6,13,14,15,17,30,4
2012/9/4,2012104,4,5,9,10,19,28,3
2012/9/2,2012103,4,9,11,14,32,33,2
2012/8/30,2012102,13,25,27,28,29,30,15
2012/8/28,2012101,9,12,17,18,20,33,2
2012/8/26,2012100,5,7,15,18,25,33,10
2012/8/23,2012099,8,12,15,16,21,27,16
2012/8/21,2012098,2,12,19,26,29,31,9
2012/8/19,2012097,5,8,13,14,19,22,6
2012/8/16,2012096,4,7,11,16,29,33,7
2012/8/14,2012095,17,24,27,28,29,30,2
2012/8/12,2012094,6,9,14,16,23,33,15
2012/8/9,2012093,3,5,19,21,24,33,13
2012/8/7,2012092,6,13,17,18,28,32,3
2012/8/5,2012091,1,5,7,8,19,21,16
2012/8/2,2012090,2,13,20,25,29,30,11
2012/7/31,2012089,3,7,10,13,14,25,11
2012/7/29,2012088,3,5,23,24,27,31,15
2012/7/26,2012087,3,10,11,13,14,22,9
2012/7/24,2012086,8,9,13,15,22,23,8
2012/7/22,2012085,5,17,24,30,31,33,5
2012/7/19,2012084,2,10,20,26,28,29,14
2012/7/17,2012083,4,9,14,15,26,33,4
2012/7/15,2012082,2,4,11,18,22,29,6
2012/7/12,2012081,2,5,10,24,25,29,6
2012/7/10,2012080,4,9,14,15,16,27,3
2012/7/8,2012079,6,7,12,24,30,33,12
2012/7/5,2012078,8,15,22,24,28,33,12
2012/7/3,2012077,2,4,13,18,26,28,12
2012/7/1,2012076,11,18,22,27,29,30,15
2012/6/28,2012075,4,6,22,23,29,32,11
2012/6/26,2012074,15,16,18,19,28,32,8
2012/6/24,2012073,4,7,9,10,17,27,5
2012/6/21,2012072,2,3,7,9,13,30,6
2012/6/19,2012071,3,4,19,21,22,23,8
2012/6/17,2012070,2,3,4,24,31,32,11
2012/6/14,2012069,8,10,11,18,20,29,6
2012/6/12,2012068,5,17,22,26,32,33,10
2012/6/10,2012067,4,5,10,21,26,30,16
2012/6/7,2012066,1,2,9,26,29,33,12
2012/6/5,2012065,8,10,18,19,27,31,14
2012/6/3,2012064,5,10,11,16,23,24,11
2012/5/31,2012063,2,10,17,19,24,27,12
2012/5/29,2012062,2,13,16,17,20,31,7
2012/5/27,2012061,3,8,11,12,14,18,14
2012/5/24,2012060,7,10,13,16,17,29,1
2012/5/22,2012059,4,13,21,22,26,31,1
2012/5/20,2012058,3,6,15,20,25,26,4
2012/5/17,2012057,3,5,19,21,27,31,4
2012/5/15,2012056,4,7,14,17,26,31,10
2012/5/13,2012055,4,6,13,20,24,28,1
2012/5/10,2012054,6,14,18,20,30,33,14
2012/5/8,2012053,4,15,22,25,27,33,4
2012/5/6,2012052,2,3,5,6,20,24,4
2012/5/3,2012051,2,12,14,17,30,31,9
2012/5/1,2012050,7,13,15,17,19,24,11
2012/4/29,2012049,4,12,13,19,20,32,2
2012/4/26,2012048,1,5,14,22,24,30,10
2012/4/24,2012047,6,7,11,16,32,33,11
2012/4/22,2012046,4,12,19,20,23,33,6
2012/4/19,2012045,8,11,20,21,27,30,9
2012/4/17,2012044,6,9,10,14,22,25,3
2012/4/15,2012043,2,9,11,21,26,33,3
2012/4/12,2012042,5,6,11,19,24,28,16
2012/4/10,2012041,8,11,15,20,24,32,2
2012/4/8,2012040,3,8,9,22,25,31,10
2012/4/5,2012039,1,2,5,13,22,29,8
2012/4/3,2012038,9,10,11,15,19,33,16
2012/4/1,2012037,5,14,19,24,28,33,9
2012/3/29,2012036,2,11,13,18,19,26,9
2012/3/27,2012035,9,11,12,21,24,26,5
2012/3/25,2012034,2,3,8,23,32,33,16
2012/3/22,2012033,2,3,15,16,17,27,4
2012/3/20,2012032,1,2,10,17,22,24,4
2012/3/18,2012031,4,16,22,24,27,31,3
2012/3/15,2012030,9,10,17,18,21,31,8
2012/3/13,2012029,4,7,15,25,26,28,3
2012/3/11,2012028,10,15,20,21,28,30,11
2012/3/8,2012027,4,16,22,25,30,31,12
2012/3/6,2012026,3,7,9,15,24,25,16
2012/3/4,2012025,3,8,9,17,25,27,6
2012/3/1,2012024,4,12,19,21,25,28,13
2012/2/28,2012023,5,9,15,23,24,33,2
2012/2/26,2012022,4,8,12,24,26,27,4
2012/2/23,2012021,1,15,16,18,22,30,3
2012/2/21,2012020,3,8,12,18,23,29,11
2012/2/19,2012019,7,14,18,20,22,30,16
2012/2/16,2012018,3,5,6,22,26,32,15
2012/2/14,2012017,6,9,14,19,25,28,10
2012/2/12,2012016,2,5,12,17,22,25,8
2012/2/9,2012015,1,3,6,10,21,23,15
2012/2/7,2012014,1,2,5,16,28,30,12
2012/2/5,2012013,6,8,24,29,30,32,13
2012/2/2,2012012,15,17,18,20,23,27,1
2012/1/31,2012011,4,14,15,16,20,26,5
2012/1/29,2012010,1,3,13,19,25,26,10
2012/1/19,2012009,4,16,24,26,27,33,11
2012/1/17,2012008,1,12,20,23,24,29,8
2012/1/15,2012007,10,17,19,27,28,32,4
2012/1/12,2012006,2,22,25,29,32,33,8
2012/1/10,2012005,7,9,18,27,31,33,6
2012/1/8,2012004,1,5,10,11,21,23,16
2012/1/5,2012003,3,6,8,24,29,31,9
2012/1/3,2012002,2,3,7,9,10,32,13
2012/1/1,2012001,1,4,5,9,15,17,6
2011/12/29,2011153,5,8,9,10,20,25,13
2011/12/27,2011152,4,10,11,12,21,26,13
2011/12/25,2011151,7,11,16,19,31,33,10
2011/12/22,2011150,8,10,12,15,22,27,13
2011/12/20,2011149,4,5,6,7,23,31,16
2011/12/18,2011148,5,14,22,23,25,26,14
2011/12/15,2011147,4,8,12,17,18,30,10
2011/12/13,2011146,11,23,26,28,32,33,10
2011/12/11,2011145,2,4,14,15,26,30,4
2011/12/8,2011144,1,2,9,10,16,24,3
2011/12/6,2011143,7,8,12,14,15,30,16
2011/12/4,2011142,12,15,16,26,29,31,2
2011/12/1,2011141,2,4,6,19,24,29,11
2011/11/29,2011140,4,18,20,22,27,29,6
2011/11/27,2011139,8,20,24,27,30,31,3
2011/11/24,2011138,1,5,15,24,28,32,7
2011/11/22,2011137,2,11,18,23,30,33,13
2011/11/20,2011136,2,4,6,20,22,31,7
2011/11/17,2011135,12,13,17,20,25,26,12
2011/11/15,2011134,1,2,6,7,30,31,10
2011/11/13,2011133,12,14,20,21,25,31,16
2011/11/10,2011132,2,5,12,13,25,33,7
2011/11/8,2011131,2,7,9,17,21,25,1
2011/11/6,2011130,7,14,18,23,25,32,15
2011/11/3,2011129,7,10,11,21,23,26,6
2011/11/1,2011128,9,11,14,17,19,23,12
2011/10/30,2011127,16,19,22,23,27,29,11
2011/10/27,2011126,3,7,13,18,23,26,16
2011/10/25,2011125,3,10,15,24,27,32,8
2011/10/23,2011124,9,18,19,26,31,32,16
2011/10/20,2011123,1,4,5,14,19,28,16
2011/10/18,2011122,10,12,18,26,27,31,3
2011/10/16,2011121,4,14,22,25,32,33,2
2011/10/13,2011120,4,14,17,28,30,33,7
2011/10/11,2011119,9,12,14,19,28,32,1
2011/10/9,2011118,5,6,11,14,20,21,10
2011/10/6,2011117,8,10,19,26,28,30,4
2011/10/4,2011116,1,7,11,12,17,27,5
2011/10/2,2011115,7,8,9,12,17,33,16
2011/9/29,2011114,1,14,15,16,30,32,9
2011/9/27,2011113,6,10,11,25,32,33,5
2011/9/25,2011112,3,5,16,18,23,24,15
2011/9/22,2011111,1,3,5,20,25,27,4
2011/9/20,2011110,12,14,21,26,28,33,12
2011/9/18,2011109,1,3,9,15,16,33,15
2011/9/15,2011108,2,17,22,26,29,33,10
2011/9/13,2011107,4,9,16,17,22,29,15
2011/9/11,2011106,2,11,12,14,24,32,14
2011/9/8,2011105,4,6,23,25,27,28,1
2011/9/6,2011104,9,10,16,20,25,29,9
2011/9/4,2011103,4,5,10,13,15,16,12
2011/9/1,2011102,1,5,13,21,27,31,11
2011/8/30,2011101,6,10,19,23,29,31,6
2011/8/28,2011100,7,11,21,23,31,32,5
2011/8/25,2011099,10,12,13,21,26,27,14
2011/8/23,2011098,3,7,20,21,22,32,5
2011/8/21,2011097,9,17,19,20,21,26,16
2011/8/18,2011096,1,4,7,13,14,19,15
2011/8/16,2011095,3,7,8,10,23,24,5
2011/8/14,2011094,9,11,12,17,18,19,5
2011/8/11,2011093,4,7,11,13,23,30,9
2011/8/9,2011092,5,10,17,26,31,32,4
2011/8/7,2011091,9,15,21,23,28,30,3
2011/8/4,2011090,2,5,14,18,21,25,16
2011/8/2,2011089,1,2,11,24,29,30,12
2011/7/31,2011088,3,9,17,20,21,29,4
2011/7/28,2011087,2,3,4,5,18,28,1
2011/7/26,2011086,6,7,9,12,17,24,9
2011/7/24,2011085,3,6,11,21,24,31,10
2011/7/21,2011084,9,10,12,16,18,32,15
2011/7/19,2011083,7,16,18,24,28,29,6
2011/7/17,2011082,7,16,17,20,25,26,4
2011/7/14,2011081,6,14,19,23,25,32,12
2011/7/12,2011080,2,7,9,25,31,32,9
2011/7/10,2011079,3,14,15,16,24,29,5
2011/7/7,2011078,3,5,13,20,22,29,9
2011/7/5,2011077,1,7,8,15,26,29,10
2011/7/3,2011076,6,19,21,26,32,33,13
2011/6/30,2011075,7,9,10,12,31,32,13
2011/6/28,2011074,2,21,26,28,29,32,1
2011/6/26,2011073,3,4,5,12,17,21,14
2011/6/23,2011072,1,6,10,11,18,27,12
2011/6/21,2011071,1,2,15,22,28,30,2
2011/6/19,2011070,1,3,5,12,21,28,12
2011/6/16,2011069,2,13,16,18,24,30,12
2011/6/14,2011068,3,7,10,15,19,24,10
2011/6/12,2011067,17,19,20,24,25,27,12
2011/6/9,2011066,4,6,14,17,30,32,12
2011/6/7,2011065,4,16,23,25,27,29,3
2011/6/5,2011064,3,6,7,29,30,33,2
2011/6/2,2011063,4,6,13,15,18,19,5
2011/5/31,2011062,4,8,9,10,29,30,3
2011/5/29,2011061,2,3,8,13,19,21,3
2011/5/26,2011060,10,11,13,21,27,31,1
2011/5/24,2011059,24,26,27,29,31,33,16
2011/5/22,2011058,7,18,22,30,32,33,6
2011/5/19,2011057,4,6,20,21,26,33,2
2011/5/17,2011056,13,16,19,20,23,25,10
2011/5/15,2011055,8,13,16,17,29,32,16
2011/5/12,2011054,8,11,16,17,22,33,8
2011/5/10,2011053,3,6,10,12,22,30,15
2011/5/8,2011052,4,5,8,19,27,28,8
2011/5/5,2011051,1,7,11,14,15,16,14
2011/5/3,2011050,4,5,19,22,28,29,15
2011/5/1,2011049,1,11,17,18,27,31,14
2011/4/28,2011048,10,14,18,25,26,27,15
2011/4/26,2011047,4,13,23,25,27,33,14
2011/4/24,2011046,9,17,18,26,29,30,8
2011/4/21,2011045,2,16,17,20,26,32,8
2011/4/19,2011044,3,14,16,26,27,31,9
2011/4/17,2011043,4,13,14,17,25,31,4
2011/4/14,2011042,5,13,15,17,19,21,15
2011/4/12,2011041,4,10,12,13,30,32,13
2011/4/10,2011040,5,11,14,24,26,28,13
2011/4/7,2011039,3,7,10,16,24,29,13
2011/4/5,2011038,2,14,15,19,23,24,12
2011/4/3,2011037,1,3,4,6,17,25,11
2011/3/31,2011036,2,11,20,22,24,31,5
2011/3/29,2011035,13,14,18,20,27,31,2
2011/3/27,2011034,13,14,17,19,24,31,8
2011/3/24,2011033,2,8,12,13,19,29,4
2011/3/22,2011032,3,5,7,13,14,15,15
2011/3/20,2011031,16,17,24,28,29,32,12
2011/3/17,2011030,2,9,19,24,25,33,10
2011/3/15,2011029,1,4,9,10,20,31,7
2011/3/13,2011028,1,4,5,14,16,17,1
2011/3/10,2011027,13,18,21,22,25,26,1
2011/3/8,2011026,7,8,17,19,21,26,12
2011/3/6,2011025,8,25,26,31,32,33,9
2011/3/3,2011024,5,7,10,19,26,31,14
2011/3/1,2011023,2,3,6,21,22,25,5
2011/2/27,2011022,2,7,14,16,17,21,5
2011/2/24,2011021,1,2,14,18,25,31,8
2011/2/22,2011020,12,16,17,19,24,30,5
2011/2/20,2011019,2,4,12,19,32,33,16
2011/2/17,2011018,13,15,18,28,30,33,1
2011/2/15,2011017,2,6,15,23,26,33,8
2011/2/13,2011016,3,4,16,17,22,29,13
2011/2/10,2011015,3,6,13,26,27,29,7
2011/2/1,2011014,5,7,10,11,23,26,16
2011/1/30,2011013,1,3,13,16,21,22,8
2011/1/27,2011012,7,8,11,13,15,26,13
2011/1/25,2011011,1,12,18,19,21,24,10
2011/1/23,2011010,1,4,5,9,15,19,13
2011/1/20,2011009,17,18,23,24,25,26,4
2011/1/18,2011008,10,12,13,17,24,31,15
2011/1/16,2011007,1,9,17,24,26,31,5
2011/1/13,2011006,1,3,5,13,16,18,5
2011/1/11,2011005,6,9,12,14,20,22,13
2011/1/9,2011004,4,6,8,10,13,26,5
2011/1/6,2011003,13,14,21,22,23,27,4
2011/1/4,2011002,6,8,12,17,28,33,5
2011/1/2,2011001,3,9,20,24,26,32,10
2010/12/30,2010153,3,6,12,19,30,31,13
2010/12/28,2010152,4,9,17,21,25,31,1
2010/12/26,2010151,2,13,14,17,19,26,14
2010/12/23,2010150,2,17,18,23,29,30,6
2010/12/21,2010149,2,7,8,16,25,30,9
2010/12/19,2010148,1,3,7,18,23,27,12
2010/12/16,2010147,2,8,15,18,24,30,3
2010/12/14,2010146,1,17,18,22,25,32,1
2010/12/12,2010145,3,21,24,27,28,31,8
2010/12/9,2010144,2,3,8,15,19,21,11
2010/12/7,2010143,9,16,18,26,30,31,14
2010/12/5,2010142,2,16,18,23,26,27,10
2010/12/2,2010141,2,3,7,18,23,27,6
2010/11/30,2010140,1,12,13,18,26,29,15
2010/11/28,2010139,11,13,18,20,26,31,9
2010/11/25,2010138,1,21,23,24,26,30,5
2010/11/23,2010137,7,9,10,13,19,33,6
2010/11/21,2010136,4,10,23,24,26,33,10
2010/11/18,2010135,4,10,13,25,26,30,10
2010/11/16,2010134,9,15,16,22,27,28,6
2010/11/14,2010133,3,9,17,21,26,32,1
2010/11/11,2010132,2,10,12,18,24,33,15
2010/11/9,2010131,5,6,15,16,19,26,6
2010/11/7,2010130,1,2,7,15,21,31,16
2010/11/4,2010129,4,8,14,25,28,32,16
2010/11/2,2010128,4,11,19,20,24,28,12
2010/10/31,2010127,1,4,8,17,25,33,1
2010/10/28,2010126,3,13,18,20,27,28,5
2010/10/26,2010125,6,7,13,23,28,29,9
2010/10/24,2010124,2,6,8,11,12,25,2
2010/10/21,2010123,6,12,15,18,29,32,10
2010/10/19,2010122,2,9,12,16,25,27,6
2010/10/17,2010121,8,11,13,18,25,30,15
2010/10/14,2010120,1,2,5,6,10,29,16
2010/10/12,2010119,7,17,25,27,30,31,9
2010/10/10,2010118,5,8,11,13,15,25,5
2010/10/7,2010117,1,8,20,22,24,28,1
2010/10/5,2010116,5,9,10,20,22,26,7
2010/10/3,2010115,1,22,24,25,29,33,15
2010/9/30,2010114,1,8,11,15,17,25,1
2010/9/28,2010113,5,10,15,18,20,28,10
2010/9/26,2010112,1,8,18,24,29,30,16
2010/9/23,2010111,4,7,8,13,17,18,10
2010/9/21,2010110,1,3,12,24,26,27,1
2010/9/19,2010109,4,15,18,25,29,32,15
2010/9/16,2010108,2,4,8,20,23,24,7
2010/9/14,2010107,8,12,15,17,22,33,16
2010/9/12,2010106,2,6,8,15,26,29,16
2010/9/9,2010105,1,8,9,19,21,31,11
2010/9/7,2010104,7,17,23,24,27,32,2
2010/9/5,2010103,6,9,14,17,20,33,9
2010/9/2,2010102,4,11,16,20,22,29,10
2010/8/31,2010101,4,9,18,21,25,26,6
2010/8/29,2010100,1,6,12,22,23,26,8
2010/8/26,2010099,3,4,17,24,27,30,6
2010/8/24,2010098,1,3,8,16,29,33,7
2010/8/22,2010097,10,16,18,21,24,26,1
2010/8/19,2010096,7,12,21,23,24,28,3
2010/8/17,2010095,9,11,16,17,25,27,14
2010/8/15,2010094,3,5,7,27,31,32,10
2010/8/12,2010093,9,10,19,28,32,33,6
2010/8/10,2010092,3,13,19,27,28,30,2
2010/8/8,2010091,6,13,16,20,22,24,16
2010/8/5,2010090,1,6,10,15,25,31,14
2010/8/3,2010089,7,8,9,16,23,26,1
2010/8/1,2010088,5,6,15,23,27,30,12
2010/7/29,2010087,1,8,16,17,25,30,10
2010/7/27,2010086,5,21,28,29,30,31,8
2010/7/25,2010085,1,8,12,13,24,27,8
2010/7/22,2010084,2,10,14,18,20,30,3
2010/7/20,2010083,2,20,21,22,23,31,12
2010/7/18,2010082,1,8,13,14,27,31,2
2010/7/15,2010081,2,3,9,24,26,27,5
2010/7/13,2010080,8,10,13,14,16,23,16
2010/7/11,2010079,8,11,12,14,18,22,2
2010/7/8,2010078,1,3,9,11,17,23,12
2010/7/6,2010077,2,8,14,20,21,24,9
2010/7/4,2010076,1,12,14,29,31,32,15
2010/7/1,2010075,5,9,12,13,15,22,14
2010/6/29,2010074,2,10,17,18,19,29,15
2010/6/27,2010073,1,16,20,23,27,31,2
2010/6/24,2010072,6,8,22,23,30,31,1
2010/6/22,2010071,5,13,14,17,20,26,1
2010/6/20,2010070,8,13,23,27,31,33,7
2010/6/17,2010069,12,14,20,22,24,32,11
2010/6/15,2010068,3,13,18,20,23,28,13
2010/6/13,2010067,1,7,10,14,21,25,1
2010/6/10,2010066,1,3,21,22,31,32,7
2010/6/8,2010065,2,7,8,17,30,32,12
2010/6/6,2010064,8,14,25,26,30,31,11
2010/6/3,2010063,2,6,10,17,23,24,3
2010/6/1,2010062,11,13,15,20,31,33,3
2010/5/30,2010061,2,4,16,19,22,26,12
2010/5/27,2010060,1,8,15,18,22,27,9
2010/5/25,2010059,1,9,11,12,18,30,10
2010/5/23,2010058,1,4,11,17,19,29,12
2010/5/20,2010057,5,11,12,19,25,32,5
2010/5/18,2010056,1,2,3,8,13,32,7
2010/5/16,2010055,2,3,13,19,20,23,8
2010/5/13,2010054,1,6,8,12,14,25,6
2010/5/11,2010053,3,22,24,27,28,30,14
2010/5/9,2010052,1,2,19,23,27,29,10
2010/5/6,2010051,4,17,23,27,28,32,3
2010/5/4,2010050,7,21,22,26,28,30,11
2010/5/2,2010049,1,6,10,26,27,28,2
2010/4/29,2010048,1,6,8,10,23,33,2
2010/4/27,2010047,3,10,13,20,21,32,15
2010/4/25,2010046,11,12,21,23,27,32,5
2010/4/22,2010045,2,3,4,13,20,29,1
2010/4/20,2010044,3,9,21,23,27,31,5
2010/4/18,2010043,4,10,19,22,28,33,4
2010/4/15,2010042,3,6,11,20,31,32,10
2010/4/13,2010041,3,5,13,19,25,29,12
2010/4/11,2010040,12,19,24,25,30,32,11
2010/4/8,2010039,8,17,21,23,25,32,12
2010/4/6,2010038,1,6,7,11,13,16,1
2010/4/4,2010037,3,16,19,21,24,26,6
2010/4/1,2010036,6,13,14,28,29,30,8
2010/3/30,2010035,9,10,11,18,19,21,10
2010/3/28,2010034,6,11,13,22,25,32,12
2010/3/25,2010033,8,10,11,12,25,29,9
2010/3/23,2010032,8,18,21,28,29,33,8
2010/3/21,2010031,5,7,13,24,25,28,4
2010/3/18,2010030,3,6,10,16,25,31,5
2010/3/16,2010029,1,5,14,16,17,22,3
2010/3/14,2010028,1,3,6,12,16,32,12
2010/3/11,2010027,3,4,15,25,26,30,13
2010/3/9,2010026,2,4,5,8,19,22,12
2010/3/7,2010025,4,5,7,10,13,25,11
2010/3/4,2010024,7,16,26,27,29,31,14
2010/3/2,2010023,2,9,11,22,24,27,11
2010/2/28,2010022,1,2,18,29,31,32,2
2010/2/25,2010021,2,9,16,17,19,25,4
2010/2/23,2010020,5,6,14,22,24,26,9
2010/2/21,2010019,2,10,22,24,26,27,6
2010/2/11,2010018,11,28,29,30,32,33,2
2010/2/9,2010017,1,3,6,11,12,23,11
2010/2/7,2010016,2,8,10,12,30,33,16
2010/2/4,2010015,1,4,16,21,23,28,6
2010/2/2,2010014,1,3,7,14,26,28,2
2010/1/31,2010013,1,2,3,16,18,23,12
2010/1/28,2010012,2,8,13,14,25,33,10
2010/1/26,2010011,7,8,14,22,24,30,7
2010/1/24,2010010,7,8,12,15,22,26,8
2010/1/21,2010009,1,9,13,21,24,32,6
2010/1/19,2010008,5,7,13,15,18,30,14
2010/1/17,2010007,14,22,27,28,30,33,14
2010/1/14,2010006,3,5,7,13,14,18,5
2010/1/12,2010005,3,5,6,8,17,18,14
2010/1/10,2010004,1,12,13,16,23,28,7
2010/1/7,2010003,14,22,26,27,28,31,4
2010/1/5,2010002,3,6,7,23,30,33,13
2010/1/3,2010001,7,17,18,27,29,32,13
2009/12/31,2009154,1,7,12,14,18,25,16
2009/12/29,2009153,6,7,8,20,21,25,10
2009/12/27,2009152,3,4,19,21,27,28,5
2009/12/24,2009151,6,8,10,16,25,30,14
2009/12/22,2009150,4,6,7,16,19,20,4
2009/12/20,2009149,1,3,16,18,22,29,4
2009/12/17,2009148,6,12,15,22,29,32,10
2009/12/15,2009147,6,8,10,18,22,32,16
2009/12/13,2009146,3,9,16,20,22,33,15
2009/12/10,2009145,3,5,11,15,26,33,11
2009/12/8,2009144,1,5,10,17,18,29,12
2009/12/6,2009143,5,9,11,17,23,28,10
2009/12/3,2009142,7,11,15,19,20,24,13
2009/12/1,2009141,2,13,21,28,29,31,9
2009/11/29,2009140,4,5,11,18,22,33,12
2009/11/26,2009139,1,5,15,17,27,29,2
2009/11/24,2009138,4,7,14,26,32,33,14
2009/11/22,2009137,8,12,14,15,17,21,1
2009/11/19,2009136,1,4,14,22,30,33,1
2009/11/17,2009135,1,3,14,19,30,33,16
2009/11/15,2009134,3,5,12,15,28,33,6
2009/11/12,2009133,5,9,13,18,20,32,1
2009/11/10,2009132,4,14,15,21,23,30,7
2009/11/8,2009131,16,23,25,26,32,33,5
2009/11/5,2009130,2,3,7,12,13,30,11
2009/11/3,2009129,6,7,16,17,24,25,7
2009/11/1,2009128,5,8,15,16,26,32,1
2009/10/29,2009127,2,11,12,14,15,16,4
2009/10/27,2009126,3,5,6,10,19,23,15
2009/10/25,2009125,6,7,8,22,26,27,12
2009/10/22,2009124,3,4,22,23,28,30,10
2009/10/20,2009123,9,13,20,22,25,28,14
2009/10/18,2009122,7,14,16,27,29,32,1
2009/10/15,2009121,2,4,6,10,25,30,9
2009/10/13,2009120,1,2,8,12,16,30,16
2009/10/11,2009119,6,7,10,12,15,21,5
2009/10/8,2009118,12,16,25,26,27,31,5
2009/10/6,2009117,5,9,15,21,26,31,13
2009/10/4,2009116,5,17,21,25,27,32,14
2009/10/1,2009115,2,9,13,15,19,24,3
2009/9/29,2009114,3,5,11,12,31,32,11
2009/9/27,2009113,4,12,20,25,28,29,16
2009/9/24,2009112,6,7,18,24,30,32,9
2009/9/22,2009111,2,4,7,14,15,25,15
2009/9/20,2009110,4,10,13,15,19,30,14
2009/9/17,2009109,5,6,7,14,25,28,1
2009/9/15,2009108,4,10,17,28,32,33,2
2009/9/13,2009107,7,8,20,23,28,29,5
2009/9/10,2009106,1,2,15,18,20,29,4
2009/9/8,2009105,2,8,10,16,27,30,15
2009/9/6,2009104,20,22,26,29,30,32,16
2009/9/3,2009103,6,11,17,20,23,24,9
2009/9/1,2009102,3,5,7,8,14,31,10
2009/8/30,2009101,1,2,5,10,19,24,14
2009/8/27,2009100,2,11,17,27,30,33,11
2009/8/25,2009099,8,9,18,20,25,29,9
2009/8/23,2009098,3,14,15,20,23,30,2
2009/8/20,2009097,7,13,24,26,28,32,14
2009/8/18,2009096,1,26,27,31,32,33,3
2009/8/16,2009095,8,9,14,28,31,33,15
2009/8/13,2009094,3,16,22,25,26,33,14
2009/8/11,2009093,1,11,20,31,32,33,1
2009/8/9,2009092,2,6,7,14,18,31,8
2009/8/6,2009091,3,8,11,14,25,29,4
2009/8/4,2009090,7,9,14,20,23,30,14
2009/8/2,2009089,2,3,7,11,19,32,4
2009/7/30,2009088,4,7,11,15,16,17,2
2009/7/28,2009087,6,11,13,20,28,32,6
2009/7/26,2009086,11,12,13,18,23,32,11
2009/7/23,2009085,4,8,12,17,20,30,3
2009/7/21,2009084,4,9,11,20,32,33,13
2009/7/19,2009083,2,8,12,18,24,28,4
2009/7/16,2009082,11,15,18,21,27,29,2
2009/7/14,2009081,4,5,6,25,29,30,3
2009/7/12,2009080,1,11,13,25,32,33,6
2009/7/9,2009079,2,9,16,21,30,31,13
2009/7/7,2009078,5,7,12,14,15,20,13
2009/7/5,2009077,1,9,14,16,28,32,16
2009/7/2,2009076,9,18,19,25,28,31,6
2009/6/30,2009075,1,13,15,17,20,30,5
2009/6/28,2009074,5,10,16,19,23,28,13
2009/6/25,2009073,9,16,17,18,22,27,14
2009/6/23,2009072,1,3,12,20,21,29,4
2009/6/21,2009071,4,5,23,26,31,32,6
2009/6/18,2009070,1,2,9,10,21,31,10
2009/6/16,2009069,3,5,12,18,21,23,2
2009/6/14,2009068,6,11,18,20,25,30,5
2009/6/11,2009067,4,10,16,23,28,30,5
2009/6/9,2009066,2,15,19,24,31,32,4
2009/6/7,2009065,8,12,20,22,30,33,2
2009/6/4,2009064,1,2,14,23,28,29,15
2009/6/2,2009063,2,5,11,26,30,32,16
2009/5/31,2009062,10,19,20,21,23,32,10
2009/5/28,2009061,10,11,13,16,19,30,3
2009/5/26,2009060,7,13,17,26,32,33,4
2009/5/24,2009059,3,7,13,23,27,30,11
2009/5/21,2009058,5,8,10,15,23,26,9
2009/5/19,2009057,5,7,10,14,17,25,11
2009/5/17,2009056,4,9,10,18,29,32,8
2009/5/14,2009055,3,4,18,22,24,29,11
2009/5/12,2009054,16,17,23,26,31,32,11
2009/5/10,2009053,7,12,18,19,22,28,4
2009/5/7,2009052,9,11,15,19,21,30,8
2009/5/5,2009051,6,10,13,16,21,23,7
2009/5/3,2009050,13,21,24,29,30,32,4
2009/4/30,2009049,9,12,14,20,30,31,6
2009/4/28,2009048,3,7,11,15,17,31,1
2009/4/26,2009047,6,8,11,15,21,22,16
2009/4/23,2009046,16,20,21,26,29,30,9
2009/4/21,2009045,3,4,6,23,30,32,1
2009/4/19,2009044,11,14,16,18,26,30,1
2009/4/16,2009043,4,9,10,15,18,26,7
2009/4/14,2009042,8,16,22,23,27,30,11
2009/4/12,2009041,1,8,23,26,28,33,8
2009/4/9,2009040,4,7,10,20,26,30,12
2009/4/7,2009039,5,12,14,15,21,27,3
2009/4/5,2009038,12,13,15,23,28,32,5
2009/4/2,2009037,2,6,15,18,20,31,3
2009/3/31,2009036,6,9,18,23,32,33,7
2009/3/29,2009035,6,15,21,26,29,31,5
2009/3/26,2009034,9,12,18,21,22,26,7
2009/3/24,2009033,7,8,13,14,29,30,6
2009/3/22,2009032,9,11,12,19,27,32,6
2009/3/19,2009031,1,2,3,15,30,33,1
2009/3/17,2009030,8,14,24,26,28,32,7
2009/3/15,2009029,12,13,15,22,23,29,13
2009/3/12,2009028,3,6,12,15,23,26,10
2009/3/10,2009027,2,7,11,16,27,32,6
2009/3/8,2009026,11,15,17,18,20,30,16
2009/3/5,2009025,10,20,22,23,26,33,11
2009/3/3,2009024,1,3,17,23,30,33,12
2009/3/1,2009023,1,6,7,15,24,30,8
2009/2/26,2009022,5,8,9,10,11,18,8
2009/2/24,2009021,1,4,5,17,24,27,9
2009/2/22,2009020,3,5,7,10,19,23,13
2009/2/19,2009019,6,17,19,20,26,27,4
2009/2/17,2009018,2,5,6,19,27,30,15
2009/2/15,2009017,6,14,15,19,25,26,8
2009/2/12,2009016,2,7,13,16,20,33,3
2009/2/10,2009015,2,4,6,15,17,32,5
2009/2/8,2009014,3,6,9,14,15,18,2
2009/2/5,2009013,4,8,9,21,26,27,9
2009/2/3,2009012,5,11,14,17,18,28,1
2009/2/1,2009011,2,4,13,14,18,23,15
2009/1/22,2009010,3,10,17,19,20,24,2
2009/1/20,2009009,8,15,21,30,31,33,2
2009/1/18,2009008,4,15,16,22,32,33,2
2009/1/15,2009007,1,5,12,23,25,26,15
2009/1/13,2009006,6,12,18,20,26,33,2
2009/1/11,2009005,1,3,8,15,17,21,13
2009/1/8,2009004,3,11,13,17,28,31,3
2009/1/6,2009003,2,3,6,15,25,30,2
2009/1/4,2009002,10,14,17,25,29,33,14
2009/1/1,2009001,4,21,23,24,30,31,4
2008/12/30,2008154,2,5,7,21,22,26,8
2008/12/28,2008153,1,4,18,21,24,30,16
2008/12/25,2008152,1,4,6,22,26,30,8
2008/12/23,2008151,6,8,10,14,17,19,6
2008/12/21,2008150,4,19,22,24,29,32,2
2008/12/18,2008149,10,14,22,28,29,33,2
2008/12/16,2008148,3,5,9,22,26,28,9
2008/12/14,2008147,7,8,14,22,26,33,2
2008/12/11,2008146,7,8,17,19,31,32,10
2008/12/9,2008145,7,13,18,22,26,29,2
2008/12/7,2008144,2,5,10,27,29,33,15
2008/12/4,2008143,12,17,18,19,26,27,6
2008/12/2,2008142,5,6,10,13,17,28,15
2008/11/30,2008141,3,13,20,25,29,33,15
2008/11/27,2008140,7,14,16,29,30,31,14
2008/11/25,2008139,8,9,19,23,25,26,7
2008/11/23,2008138,7,14,19,23,25,32,4
2008/11/20,2008137,1,4,24,28,29,33,9
2008/11/18,2008136,5,9,10,12,18,28,2
2008/11/16,2008135,5,14,15,16,19,21,15
2008/11/13,2008134,10,15,19,20,28,32,2
2008/11/11,2008133,8,11,16,19,24,26,11
2008/11/9,2008132,9,13,16,25,27,33,8
2008/11/6,2008131,2,12,15,18,22,32,8
2008/11/4,2008130,1,12,18,28,30,32,6
2008/11/2,2008129,1,3,18,24,25,32,15
2008/10/30,2008128,1,5,19,20,27,33,5
2008/10/28,2008127,5,8,19,22,27,30,13
2008/10/26,2008126,4,11,12,14,20,30,13
2008/10/23,2008125,10,11,12,15,26,29,9
2008/10/21,2008124,1,7,10,13,21,22,3
2008/10/19,2008123,10,11,15,16,25,29,2
2008/10/16,2008122,2,8,11,14,19,26,15
2008/10/14,2008121,2,22,23,27,31,32,6
2008/10/12,2008120,10,11,22,24,26,33,2
2008/10/9,2008119,5,7,9,15,24,29,7
2008/10/7,2008118,4,9,16,27,31,33,1
2008/10/5,2008117,3,5,7,10,14,33,7
2008/10/2,2008116,3,7,21,22,24,29,14
2008/9/30,2008115,2,12,13,14,17,18,6
2008/9/28,2008114,4,9,20,24,25,31,14
2008/9/25,2008113,6,9,10,12,17,22,9
2008/9/23,2008112,5,13,14,19,22,23,6
2008/9/21,2008111,17,18,21,25,31,32,6
2008/9/18,2008110,10,16,22,23,29,31,2
2008/9/16,2008109,4,7,9,16,21,28,10
2008/9/14,2008108,9,10,15,17,23,30,12
2008/9/11,2008107,6,13,18,22,27,32,4
2008/9/9,2008106,14,19,25,27,29,30,15
2008/9/7,2008105,5,17,19,27,28,32,2
2008/9/4,2008104,3,6,8,17,24,31,1
2008/9/2,2008103,1,12,16,18,22,33,4
2008/8/31,2008102,3,7,12,21,25,32,5
2008/8/28,2008101,9,17,21,26,28,30,4
2008/8/26,2008100,8,14,17,21,27,28,14
2008/8/24,2008099,10,15,16,22,23,24,7
2008/8/21,2008098,6,7,10,11,15,30,1
2008/8/19,2008097,3,6,8,9,16,17,13
2008/8/17,2008096,6,8,12,24,27,31,14
2008/8/14,2008095,3,8,14,21,28,29,3
2008/8/12,2008094,1,4,15,16,23,28,14
2008/8/10,2008093,4,10,12,16,26,28,7
2008/8/7,2008092,1,3,18,27,28,30,5
2008/8/5,2008091,3,12,14,23,31,32,10
2008/8/3,2008090,2,7,14,18,19,24,1
2008/7/31,2008089,3,6,11,16,22,27,11
2008/7/29,2008088,1,6,8,16,17,23,5
2008/7/27,2008087,1,7,26,29,30,31,6
2008/7/24,2008086,4,5,10,26,27,30,12
2008/7/22,2008085,1,4,12,20,24,29,15
2008/7/20,2008084,4,7,13,20,29,30,16
2008/7/17,2008083,7,8,9,18,29,32,9
2008/7/15,2008082,4,8,10,12,21,26,9
2008/7/13,2008081,2,12,13,18,25,31,4
2008/7/10,2008080,4,14,22,25,29,32,14
2008/7/8,2008079,3,4,5,10,20,32,9
2008/7/6,2008078,6,13,16,26,30,33,1
2008/7/3,2008077,4,12,22,26,30,33,9
2008/7/1,2008076,2,5,7,11,13,18,11
2008/6/29,2008075,1,8,14,18,22,30,3
2008/6/26,2008074,1,11,15,19,20,24,9
2008/6/24,2008073,1,9,13,22,28,33,8
2008/6/22,2008072,1,5,10,18,22,30,9
2008/6/19,2008071,1,6,21,26,27,28,9
2008/6/17,2008070,5,6,12,15,18,33,13
2008/6/15,2008069,5,8,17,20,26,30,10
2008/6/12,2008068,5,7,17,23,27,29,7
2008/6/10,2008067,10,11,15,19,26,33,13
2008/6/8,2008066,7,12,21,22,29,30,8
2008/6/5,2008065,5,13,15,19,30,31,5
2008/6/3,2008064,1,2,7,9,12,18,12
2008/6/1,2008063,5,9,11,14,16,17,15
2008/5/29,2008062,6,8,13,17,24,27,15
2008/5/27,2008061,1,2,5,12,26,31,6
2008/5/25,2008060,6,7,8,17,30,32,3
2008/5/22,2008059,2,6,15,29,31,32,16
2008/5/20,2008058,1,12,21,27,29,31,11
2008/5/18,2008057,19,20,21,26,28,30,8
2008/5/15,2008056,8,13,22,23,25,30,7
2008/5/13,2008055,11,16,19,23,26,31,4
2008/5/11,2008054,2,6,16,17,20,25,7
2008/5/8,2008053,6,12,19,20,21,27,4
2008/5/6,2008052,2,10,17,23,29,31,10
2008/5/4,2008051,1,4,8,10,13,33,11
2008/5/1,2008050,1,11,19,24,26,27,3
2008/4/29,2008049,3,10,12,13,19,25,4
2008/4/27,2008048,11,18,21,27,30,32,1
2008/4/24,2008047,9,12,13,14,20,22,10
2008/4/22,2008046,15,16,18,24,28,33,15
2008/4/20,2008045,1,10,13,21,29,32,4
2008/4/17,2008044,5,7,9,20,26,29,9
2008/4/15,2008043,3,10,16,22,27,33,14
2008/4/13,2008042,3,4,9,11,12,24,1
2008/4/10,2008041,8,11,20,22,23,27,4
2008/4/8,2008040,6,13,22,25,27,28,9
2008/4/6,2008039,1,7,10,13,22,29,1
2008/4/3,2008038,3,9,10,11,15,19,13
2008/4/1,2008037,1,12,22,24,28,31,6
2008/3/30,2008036,2,6,13,18,23,28,16
2008/3/27,2008035,7,11,14,17,18,29,16
2008/3/25,2008034,3,5,9,11,21,29,9
2008/3/23,2008033,12,17,18,30,31,33,4
2008/3/20,2008032,5,14,16,21,23,28,13
2008/3/18,2008031,3,6,11,15,21,31,13
2008/3/16,2008030,6,15,18,19,20,28,11
2008/3/13,2008029,1,9,14,22,29,32,12
2008/3/11,2008028,1,13,21,26,29,32,10
2008/3/9,2008027,15,18,19,23,24,26,13
2008/3/6,2008026,5,17,19,27,29,32,3
2008/3/4,2008025,8,16,17,18,19,21,14
2008/3/2,2008024,11,20,21,26,28,30,13
2008/2/28,2008023,8,16,18,25,26,32,2
2008/2/26,2008022,12,18,20,24,28,32,5
2008/2/24,2008021,9,12,19,20,26,28,15
2008/2/21,2008020,3,10,13,15,28,30,3
2008/2/19,2008019,2,9,11,17,27,31,5
2008/2/17,2008018,2,5,6,23,26,33,13
2008/2/14,2008017,2,5,7,17,20,22,2
2008/2/5,2008016,3,12,14,21,29,33,13
2008/2/3,2008015,6,8,11,16,29,33,3
2008/1/31,2008014,3,9,11,17,21,31,14
2008/1/29,2008013,2,8,15,16,22,28,10
2008/1/27,2008012,3,4,5,16,20,30,13
2008/1/24,2008011,2,14,17,21,30,32,3
2008/1/22,2008010,3,8,11,17,21,27,9
2008/1/20,2008009,9,21,29,30,31,32,16
2008/1/17,2008008,2,15,16,23,26,27,7
2008/1/15,2008007,1,13,17,22,23,30,11
2008/1/13,2008006,1,14,16,18,22,27,14
2008/1/10,2008005,3,5,15,22,24,25,15
2008/1/8,2008004,4,8,22,23,27,29,8
2008/1/6,2008003,6,8,11,13,17,19,12
2008/1/3,2008002,3,4,18,22,25,29,9
2008/1/1,2008001,2,4,7,9,14,29,3
2007/12/30,2007153,1,4,19,20,25,31,15
2007/12/27,2007152,11,17,21,29,30,33,8
2007/12/25,2007151,1,6,10,11,23,25,2
2007/12/23,2007150,3,5,11,13,19,24,5
2007/12/20,2007149,1,17,19,22,28,30,3
2007/12/18,2007148,3,9,16,17,23,28,7
2007/12/16,2007147,3,7,18,24,26,27,4
2007/12/13,2007146,4,18,22,24,26,30,9
2007/12/11,2007145,8,9,11,12,25,31,11
2007/12/9,2007144,8,14,23,25,28,32,16
2007/12/6,2007143,1,6,22,23,24,26,4
2007/12/4,2007142,11,20,25,26,27,30,8
2007/12/2,2007141,2,3,4,6,17,31,8
2007/11/29,2007140,1,5,16,21,22,26,11
2007/11/27,2007139,6,10,12,14,16,22,6
2007/11/25,2007138,2,3,15,17,19,25,16
2007/11/22,2007137,3,7,8,18,20,22,3
2007/11/20,2007136,1,2,18,21,25,29,14
2007/11/18,2007135,1,11,16,26,31,33,16
2007/11/15,2007134,1,4,10,13,18,25,15
2007/11/13,2007133,3,6,7,11,13,33,10
2007/11/11,2007132,1,9,16,21,22,23,5
2007/11/8,2007131,3,5,7,16,22,27,5
2007/11/6,2007130,3,5,9,11,27,31,4
2007/11/4,2007129,5,7,20,21,22,30,8
2007/11/1,2007128,9,10,19,21,27,31,5
2007/10/30,2007127,6,9,13,16,24,28,11
2007/10/28,2007126,9,10,19,23,26,31,9
2007/10/25,2007125,3,5,18,20,27,33,1
2007/10/23,2007124,3,7,13,16,19,32,16
2007/10/21,2007123,1,13,15,23,28,32,2
2007/10/18,2007122,4,7,19,24,26,32,9
2007/10/16,2007121,3,10,21,22,27,28,6
2007/10/14,2007120,6,7,11,12,18,25,1
2007/10/11,2007119,3,8,11,13,25,31,12
2007/10/9,2007118,4,10,16,18,25,32,15
2007/10/7,2007117,3,7,9,10,26,32,1
2007/10/4,2007116,3,5,7,11,17,27,13
2007/10/2,2007115,1,5,10,16,20,26,2
2007/9/30,2007114,5,12,15,24,27,33,5
2007/9/27,2007113,4,18,23,25,26,31,10
2007/9/25,2007112,7,11,14,16,25,32,11
2007/9/23,2007111,2,9,10,12,13,17,11
2007/9/20,2007110,2,4,7,15,24,28,3
2007/9/18,2007109,1,4,7,8,13,14,4
2007/9/16,2007108,3,7,12,13,20,33,2
2007/9/13,2007107,2,8,9,18,24,28,10
2007/9/11,2007106,12,18,21,24,25,29,8
2007/9/9,2007105,2,7,10,17,23,29,14
2007/9/6,2007104,2,8,12,14,20,32,4
2007/9/4,2007103,7,9,25,27,30,32,1
2007/9/2,2007102,4,6,8,18,20,33,11
2007/8/30,2007101,15,16,18,21,22,30,14
2007/8/28,2007100,8,18,27,29,30,32,6
2007/8/26,2007099,3,4,14,27,31,33,5
2007/8/23,2007098,2,3,5,11,19,20,12
2007/8/21,2007097,4,8,13,18,26,30,11
2007/8/19,2007096,9,10,20,22,30,32,8
2007/8/16,2007095,1,6,8,18,29,32,7
2007/8/14,2007094,3,5,18,19,24,32,2
2007/8/12,2007093,5,10,13,15,19,29,2
2007/8/9,2007092,14,18,22,23,24,33,9
2007/8/7,2007091,2,11,17,30,31,32,7
2007/8/5,2007090,5,11,13,27,30,31,2
2007/8/2,2007089,3,7,8,15,19,28,3
2007/7/31,2007088,2,4,10,28,29,33,6
2007/7/29,2007087,1,3,4,5,8,21,9
2007/7/26,2007086,5,8,14,22,27,29,16
2007/7/24,2007085,2,12,17,19,29,30,12
2007/7/22,2007084,6,10,12,14,20,27,10
2007/7/19,2007083,11,14,18,20,21,26,5
2007/7/17,2007082,5,15,17,18,25,32,15
2007/7/15,2007081,9,14,15,19,24,33,13
2007/7/12,2007080,1,8,16,18,19,29,4
2007/7/10,2007079,3,4,14,20,21,25,14
2007/7/8,2007078,4,6,7,23,25,32,1
2007/7/5,2007077,6,8,14,21,28,29,2
2007/7/3,2007076,6,12,15,16,20,31,2
2007/7/1,2007075,13,16,17,22,30,32,3
2007/6/28,2007074,8,13,15,25,27,28,3
2007/6/26,2007073,5,9,11,19,28,31,2
2007/6/24,2007072,2,4,8,13,14,33,16
2007/6/21,2007071,1,6,14,21,30,31,9
2007/6/19,2007070,6,8,15,17,18,30,12
2007/6/17,2007069,3,4,11,12,14,32,12
2007/6/14,2007068,11,18,19,22,23,28,1
2007/6/12,2007067,6,11,13,17,21,23,11
2007/6/10,2007066,5,11,16,24,32,33,8
2007/6/7,2007065,4,7,19,21,25,31,7
2007/6/5,2007064,2,6,9,16,21,23,16
2007/6/3,2007063,10,15,17,24,26,28,12
2007/5/31,2007062,8,17,20,29,30,33,9
2007/5/29,2007061,1,6,7,11,20,23,5
2007/5/27,2007060,1,2,8,16,19,29,5
2007/5/24,2007059,1,3,4,6,7,29,14
2007/5/22,2007058,7,8,10,13,25,27,7
2007/5/20,2007057,5,11,18,19,20,21,9
2007/5/17,2007056,14,17,21,29,31,32,12
2007/5/15,2007055,2,6,11,22,28,29,2
2007/5/13,2007054,1,3,16,18,23,28,5
2007/5/10,2007053,10,13,16,17,18,27,11
2007/5/8,2007052,2,3,7,8,26,29,7
2007/5/6,2007051,3,14,16,26,27,33,13
2007/5/3,2007050,1,5,8,13,18,25,2
2007/5/1,2007049,4,14,18,19,31,33,2
2007/4/29,2007048,2,11,12,15,17,28,12
2007/4/26,2007047,2,4,16,18,23,30,6
2007/4/24,2007046,2,6,7,9,19,26,14
2007/4/22,2007045,1,12,18,21,28,30,10
2007/4/19,2007044,9,13,20,21,24,32,8
2007/4/17,2007043,3,8,10,11,14,30,5
2007/4/15,2007042,3,13,16,19,32,33,8
2007/4/12,2007041,1,3,9,11,26,31,12
2007/4/10,2007040,13,14,15,19,24,30,10
2007/4/8,2007039,6,7,19,24,27,29,1
2007/4/5,2007038,3,11,14,19,21,30,5
2007/4/3,2007037,10,11,16,23,31,33,16
2007/4/1,2007036,3,14,21,23,30,31,10
2007/3/29,2007035,1,4,8,12,29,31,6
2007/3/27,2007034,2,9,12,14,23,25,16
2007/3/25,2007033,3,4,11,17,18,28,9
2007/3/22,2007032,4,8,16,24,30,32,16
2007/3/20,2007031,4,6,10,12,19,31,1
2007/3/18,2007030,3,16,21,22,27,30,4
2007/3/15,2007029,6,8,9,11,19,21,10
2007/3/13,2007028,3,8,13,20,29,30,11
2007/3/11,2007027,2,3,9,22,24,27,11
2007/3/8,2007026,1,4,14,16,26,29,10
2007/3/6,2007025,3,16,18,22,23,26,3
2007/3/4,2007024,8,9,17,25,27,32,6
2007/3/1,2007023,3,7,13,17,32,33,2
2007/2/27,2007022,2,4,7,10,18,27,10
2007/2/25,2007021,3,6,9,11,25,31,13
2007/2/15,2007020,5,10,16,20,28,31,14
2007/2/13,2007019,4,11,16,23,29,31,14
2007/2/11,2007018,1,12,18,20,21,26,11
2007/2/8,2007017,5,9,10,24,25,32,14
2007/2/6,2007016,1,18,20,22,26,33,5
2007/2/4,2007015,3,4,8,18,22,30,15
2007/2/1,2007014,1,13,16,20,24,26,9
2007/1/30,2007013,5,15,18,27,29,32,5
2007/1/28,2007012,3,5,7,21,26,28,4
2007/1/25,2007011,3,10,15,25,28,33,16
2007/1/23,2007010,3,8,14,17,30,32,5
2007/1/21,2007009,2,4,14,15,25,27,15
2007/1/18,2007008,1,4,5,18,19,25,10
2007/1/16,2007007,4,12,15,17,22,32,14
2007/1/14,2007006,6,10,14,22,26,27,11
2007/1/11,2007005,1,5,6,16,24,30,12
2007/1/9,2007004,3,7,10,13,25,33,10
2007/1/7,2007003,5,9,11,12,22,27,15
2007/1/4,2007002,5,6,14,20,21,22,1
2007/1/2,2007001,2,4,9,10,20,26,14
2006/12/31,2006154,7,14,18,20,30,33,13
2006/12/28,2006153,1,7,11,20,30,33,10
2006/12/26,2006152,1,14,20,25,27,31,15
2006/12/24,2006151,1,3,4,6,16,22,8
2006/12/21,2006150,8,9,12,18,25,27,12
2006/12/19,2006149,2,3,5,11,15,32,15
2006/12/17,2006148,4,8,12,13,23,29,1
2006/12/14,2006147,1,4,15,17,27,31,1
2006/12/12,2006146,3,9,13,23,28,30,5
2006/12/10,2006145,2,7,23,26,28,31,7
2006/12/7,2006144,4,10,13,16,22,29,6
2006/12/5,2006143,1,15,20,29,31,32,8
2006/12/3,2006142,10,16,19,22,26,27,16
2006/11/30,2006141,16,18,22,23,25,31,11
2006/11/28,2006140,1,8,11,18,19,23,5
2006/11/26,2006139,7,8,14,21,23,25,5
2006/11/23,2006138,4,9,11,17,18,26,8
2006/11/21,2006137,10,14,17,21,27,31,9
2006/11/19,2006136,11,15,17,21,22,24,5
2006/11/16,2006135,4,19,21,22,23,31,4
2006/11/14,2006134,10,13,18,26,28,30,12
2006/11/12,2006133,4,6,20,25,29,31,3
2006/11/9,2006132,6,14,22,26,30,33,1
2006/11/7,2006131,3,4,9,22,26,33,1
2006/11/5,2006130,1,12,21,22,30,32,2
2006/11/2,2006129,9,14,18,22,27,29,12
2006/10/31,2006128,4,15,21,30,31,33,5
2006/10/29,2006127,3,4,11,17,19,30,1
2006/10/26,2006126,2,8,13,16,24,33,9
2006/10/24,2006125,15,19,23,30,32,33,6
2006/10/22,2006124,12,13,14,18,31,32,13
2006/10/19,2006123,2,3,20,25,28,32,6
2006/10/17,2006122,4,5,6,8,22,24,3
2006/10/15,2006121,3,4,6,27,31,33,6
2006/10/12,2006120,6,8,14,15,24,33,9
2006/10/10,2006119,1,2,14,20,27,30,2
2006/10/8,2006118,1,3,7,8,10,30,5
2006/10/5,2006117,6,14,20,22,23,26,9
2006/10/3,2006116,5,16,21,22,32,33,9
2006/10/1,2006115,1,10,20,26,28,29,15
2006/9/28,2006114,8,10,14,20,27,29,16
2006/9/26,2006113,5,14,17,18,28,33,2
2006/9/24,2006112,4,9,13,15,31,33,11
2006/9/21,2006111,1,8,11,16,17,22,15
2006/9/19,2006110,9,12,14,18,27,33,13
2006/9/17,2006109,1,5,17,18,23,26,13
2006/9/14,2006108,2,6,8,20,24,30,9
2006/9/12,2006107,1,6,8,13,17,30,7
2006/9/10,2006106,2,12,14,19,28,33,10
2006/9/7,2006105,5,12,14,15,20,31,1
2006/9/5,2006104,3,7,22,27,28,31,11
2006/9/3,2006103,12,14,15,25,28,31,6
2006/8/31,2006102,1,4,13,19,20,24,11
2006/8/29,2006101,9,12,20,26,27,28,16
2006/8/27,2006100,1,11,18,26,30,32,3
2006/8/24,2006099,9,12,18,23,24,27,5
2006/8/22,2006098,6,7,10,11,18,23,16
2006/8/20,2006097,11,14,15,20,26,27,12
2006/8/17,2006096,1,5,9,13,18,33,14
2006/8/15,2006095,1,3,17,20,21,29,16
2006/8/13,2006094,15,16,17,18,24,33,13
2006/8/10,2006093,2,12,16,18,19,23,5
2006/8/8,2006092,2,8,11,16,20,21,14
2006/8/6,2006091,7,8,12,21,22,24,7
2006/8/3,2006090,2,11,15,20,23,29,11
2006/8/1,2006089,1,13,16,18,19,22,1
2006/7/30,2006088,3,11,20,24,25,26,1
2006/7/27,2006087,4,5,8,9,12,30,5
2006/7/25,2006086,4,6,10,24,26,31,6
2006/7/23,2006085,2,6,18,21,24,25,8
2006/7/20,2006084,1,12,17,21,25,28,12
2006/7/18,2006083,7,9,18,19,26,29,10
2006/7/16,2006082,3,13,15,23,28,29,9
2006/7/13,2006081,14,16,18,21,22,32,4
2006/7/11,2006080,15,17,20,22,26,29,9
2006/7/9,2006079,6,11,13,17,20,32,8
2006/7/6,2006078,3,5,17,22,31,33,12
2006/7/4,2006077,8,9,12,13,19,33,9
2006/7/2,2006076,4,10,17,21,29,32,14
2006/6/29,2006075,10,21,22,23,25,33,11
2006/6/27,2006074,1,3,15,19,25,33,4
2006/6/25,2006073,5,13,16,18,27,29,12
2006/6/22,2006072,2,3,5,20,21,24,8
2006/6/20,2006071,5,11,12,19,29,31,1
2006/6/18,2006070,2,3,11,13,20,27,2
2006/6/15,2006069,5,16,20,22,29,30,8
2006/6/13,2006068,3,7,10,14,30,33,10
2006/6/11,2006067,7,8,11,16,17,24,13
2006/6/8,2006066,6,8,11,18,30,33,5
2006/6/6,2006065,4,8,17,28,29,30,13
2006/6/4,2006064,3,12,14,21,24,28,11
2006/6/1,2006063,4,5,15,21,23,24,8
2006/5/30,2006062,18,22,23,24,26,30,1
2006/5/28,2006061,5,13,17,19,25,30,11
2006/5/25,2006060,5,15,19,23,30,32,14
2006/5/23,2006059,5,10,15,17,27,29,11
2006/5/21,2006058,1,12,22,23,24,25,14
2006/5/18,2006057,3,4,17,18,21,31,8
2006/5/16,2006056,11,13,15,21,23,25,8
2006/5/14,2006055,4,5,28,29,31,33,11
2006/5/11,2006054,3,5,7,10,28,30,4
2006/5/9,2006053,1,11,17,27,28,31,2
2006/5/7,2006052,11,24,26,27,30,32,3
2006/5/4,2006051,2,6,7,17,27,30,16
2006/5/1,2006050,2,6,12,15,25,31,7
2006/4/30,2006049,6,10,12,13,17,20,3
2006/4/27,2006048,9,13,19,25,29,32,12
2006/4/25,2006047,2,17,20,22,28,32,3
2006/4/23,2006046,13,18,23,29,31,32,8
2006/4/20,2006045,6,7,10,14,20,21,4
2006/4/18,2006044,2,10,18,21,30,31,5
2006/4/16,2006043,5,12,13,16,23,32,3
2006/4/13,2006042,3,16,23,26,28,31,11
2006/4/11,2006041,3,10,16,18,21,28,4
2006/4/9,2006040,15,22,25,26,28,33,3
2006/4/6,2006039,16,19,22,28,31,32,3
2006/4/4,2006038,2,14,17,19,22,30,10
2006/4/2,2006037,2,12,23,24,25,32,14
2006/3/30,2006036,4,7,10,16,17,21,9
2006/3/28,2006035,3,9,13,21,27,29,13
2006/3/26,2006034,2,10,15,16,17,33,13
2006/3/23,2006033,15,20,22,23,27,31,6
2006/3/21,2006032,5,18,20,24,26,31,9
2006/3/19,2006031,3,10,12,16,31,32,14
2006/3/16,2006030,8,13,15,17,20,32,14
2006/3/14,2006029,3,4,7,9,14,19,8
2006/3/12,2006028,5,7,14,16,17,27,4
2006/3/9,2006027,6,8,11,14,16,27,15
2006/3/7,2006026,1,2,18,22,29,32,3
2006/3/5,2006025,3,4,17,19,24,32,5
2006/3/2,2006024,2,7,9,11,21,27,6
2006/2/28,2006023,4,13,14,19,23,28,8
2006/2/26,2006022,2,3,4,13,16,27,13
2006/2/23,2006021,1,2,5,20,21,22,9
2006/2/21,2006020,5,9,21,23,26,29,6
2006/2/19,2006019,4,6,13,22,26,32,7
2006/2/16,2006018,1,13,14,17,24,26,5
2006/2/14,2006017,3,4,8,31,32,33,2
2006/2/12,2006016,1,7,13,17,23,30,16
2006/2/9,2006015,2,3,9,15,29,32,3
2006/2/7,2006014,6,14,26,29,32,33,7
2006/2/5,2006013,1,5,6,12,16,21,11
2006/1/26,2006012,9,11,13,27,31,33,10
2006/1/24,2006011,5,7,8,14,27,31,11
2006/1/22,2006010,4,6,12,19,27,29,8
2006/1/19,2006009,5,6,8,20,26,30,6
2006/1/17,2006008,3,5,9,18,28,32,16
2006/1/15,2006007,4,16,18,27,32,33,7
2006/1/12,2006006,8,21,22,23,26,32,14
2006/1/10,2006005,3,19,20,24,26,27,11
2006/1/8,2006004,4,8,17,27,28,31,7
2006/1/5,2006003,2,4,5,6,16,20,12
2006/1/3,2006002,7,13,16,21,26,28,9
2006/1/1,2006001,1,12,15,19,21,28,3
2005/12/29,2005153,4,5,7,21,26,29,1
2005/12/27,2005152,1,5,12,14,21,27,3
2005/12/25,2005151,4,11,12,13,19,30,5
2005/12/22,2005150,3,7,10,14,18,20,2
2005/12/20,2005149,11,16,21,23,25,32,7
2005/12/18,2005148,3,15,17,23,24,29,13
2005/12/15,2005147,6,7,15,27,28,30,10
2005/12/13,2005146,7,11,19,20,24,28,2
2005/12/11,2005145,3,7,8,17,20,28,15
2005/12/8,2005144,1,8,14,15,19,27,9
2005/12/6,2005143,3,10,15,17,20,32,8
2005/12/4,2005142,7,10,12,17,22,29,5
2005/12/1,2005141,3,5,8,12,16,19,15
2005/11/29,2005140,4,6,7,8,12,17,7
2005/11/27,2005139,2,7,20,23,32,33,10
2005/11/24,2005138,3,5,6,11,20,22,13
2005/11/22,2005137,3,9,15,23,25,33,12
2005/11/20,2005136,5,14,16,18,25,27,13
2005/11/17,2005135,1,5,13,15,21,25,11
2005/11/15,2005134,4,13,14,18,26,30,1
2005/11/13,2005133,1,7,14,16,18,25,11
2005/11/10,2005132,2,4,10,18,27,29,15
2005/11/8,2005131,2,7,10,11,12,24,3
2005/11/6,2005130,3,5,9,15,20,25,16
2005/11/3,2005129,5,10,14,20,27,33,3
2005/11/1,2005128,2,4,14,23,29,33,15
2005/10/30,2005127,4,6,11,14,23,25,12
2005/10/27,2005126,2,8,13,19,25,26,9
2005/10/25,2005125,6,14,18,28,31,32,3
2005/10/23,2005124,5,6,10,19,31,33,11
2005/10/20,2005123,11,12,13,17,18,25,7
2005/10/18,2005122,1,4,7,14,30,32,9
2005/10/16,2005121,1,7,20,25,31,32,12
2005/10/13,2005120,1,6,13,18,30,32,14
2005/10/11,2005119,1,7,11,18,20,22,2
2005/10/9,2005118,4,9,12,15,26,31,16
2005/10/6,2005117,6,17,22,27,28,32,3
2005/10/4,2005116,4,6,8,14,15,30,10
2005/10/2,2005115,3,12,18,23,30,33,2
2005/9/29,2005114,6,7,10,15,21,27,6
2005/9/27,2005113,15,18,20,22,26,27,3
2005/9/25,2005112,4,12,22,28,29,30,16
2005/9/22,2005111,3,7,15,16,19,29,9
2005/9/20,2005110,7,10,16,19,24,25,9
2005/9/18,2005109,3,5,13,15,17,31,4
2005/9/15,2005108,3,10,12,24,29,30,6
2005/9/13,2005107,9,10,20,24,25,26,11
2005/9/11,2005106,1,11,13,24,26,31,13
2005/9/8,2005105,4,15,23,30,32,33,3
2005/9/6,2005104,2,4,21,23,30,33,9
2005/9/4,2005103,4,7,16,18,23,30,7
2005/9/1,2005102,2,5,6,14,24,31,12
2005/8/30,2005101,9,16,19,21,22,24,12
2005/8/28,2005100,2,4,9,14,16,31,3
2005/8/25,2005099,10,13,16,22,24,31,9
2005/8/23,2005098,12,15,19,22,31,33,1
2005/8/21,2005097,5,10,23,27,28,30,15
2005/8/18,2005096,4,5,17,18,26,33,4
2005/8/16,2005095,9,12,18,21,28,29,5
2005/8/14,2005094,3,5,9,23,27,33,3
2005/8/11,2005093,4,6,17,23,25,29,14
2005/8/9,2005092,8,13,19,26,28,31,10
2005/8/7,2005091,1,11,12,15,26,27,13
2005/8/4,2005090,1,9,21,25,29,32,3
2005/8/2,2005089,5,19,20,23,26,31,12
2005/7/31,2005088,1,3,7,18,20,24,7
2005/7/28,2005087,8,9,15,16,23,26,8
2005/7/26,2005086,7,11,12,24,27,29,12
2005/7/24,2005085,8,9,13,14,20,22,12
2005/7/21,2005084,1,2,7,15,19,20,3
2005/7/19,2005083,3,5,9,14,16,30,13
2005/7/17,2005082,1,7,11,14,19,20,12
2005/7/14,2005081,2,4,10,12,26,30,3
2005/7/12,2005080,1,12,14,26,27,32,16
2005/7/10,2005079,3,9,20,24,25,28,5
2005/7/7,2005078,3,11,15,20,26,32,11
2005/7/5,2005077,8,17,22,24,32,33,16
2005/7/3,2005076,4,9,11,22,25,28,13
2005/6/30,2005075,11,13,14,16,18,31,14
2005/6/28,2005074,6,9,18,20,26,29,9
2005/6/26,2005073,1,6,8,9,18,20,1
2005/6/23,2005072,6,10,19,20,24,33,11
2005/6/21,2005071,4,8,12,14,16,22,10
2005/6/19,2005070,3,4,8,14,16,26,4
2005/6/16,2005069,7,9,21,24,31,33,12
2005/6/14,2005068,1,8,10,13,25,33,13
2005/6/12,2005067,3,12,16,20,21,26,16
2005/6/9,2005066,2,4,10,11,25,28,5
2005/6/7,2005065,12,16,17,21,22,23,16
2005/6/4,2005064,10,18,23,27,30,32,8
2005/6/2,2005063,2,11,13,18,22,30,4
2005/5/31,2005062,2,7,11,12,20,23,7
2005/5/29,2005061,5,9,14,21,23,24,1
2005/5/26,2005060,9,12,21,25,31,33,13
2005/5/24,2005059,7,11,14,18,24,29,7
2005/5/22,2005058,4,6,10,21,25,26,10
2005/5/19,2005057,5,6,10,15,30,31,13
2005/5/17,2005056,12,17,19,27,29,31,9
2005/5/15,2005055,5,20,22,30,32,33,9
2005/5/12,2005054,5,13,17,18,21,29,14
2005/5/10,2005053,4,7,10,14,27,29,9
2005/5/8,2005052,1,2,14,17,30,32,1
2005/5/5,2005051,3,6,14,19,20,21,2
2005/5/3,2005050,2,9,12,20,26,32,13
2005/5/1,2005049,2,3,8,10,25,27,12
2005/4/28,2005048,6,7,8,10,16,28,2
2005/4/26,2005047,2,3,5,7,8,27,15
2005/4/24,2005046,9,16,18,20,22,24,5
2005/4/21,2005045,1,7,10,15,18,20,10
2005/4/19,2005044,1,6,16,17,18,22,9
2005/4/17,2005043,4,5,6,7,8,32,5
2005/4/14,2005042,11,16,21,26,27,30,15
2005/4/12,2005041,2,11,16,23,24,29,3
2005/4/10,2005040,1,12,21,24,30,32,13
2005/4/7,2005039,2,16,18,19,21,29,9
2005/4/5,2005038,4,7,11,20,27,28,16
2005/4/3,2005037,7,12,14,22,24,32,16
2005/3/31,2005036,12,19,20,21,26,31,15
2005/3/29,2005035,12,16,21,28,29,30,14
2005/3/27,2005034,5,17,18,25,28,32,9
2005/3/24,2005033,7,8,12,14,19,20,7
2005/3/22,2005032,5,15,19,20,25,29,3
2005/3/20,2005031,4,10,16,20,23,32,7
2005/3/17,2005030,1,5,9,14,22,28,5
2005/3/15,2005029,2,14,21,22,27,30,14
2005/3/13,2005028,4,9,22,25,26,32,10
2005/3/10,2005027,1,3,4,6,21,32,15
2005/3/8,2005026,6,12,14,20,25,26,7
2005/3/6,2005025,1,7,10,11,13,32,7
2005/3/3,2005024,5,9,14,27,31,32,13
2005/3/1,2005023,10,15,19,20,21,25,12
2005/2/27,2005022,8,10,12,21,32,33,4
2005/2/24,2005021,2,6,24,26,30,31,16
2005/2/22,2005020,14,16,19,20,25,29,5
2005/2/20,2005019,6,11,12,13,19,22,8
2005/2/17,2005018,1,3,6,22,23,25,6
2005/2/8,2005017,2,6,10,25,27,31,3
2005/2/6,2005016,1,5,6,12,16,30,15
2005/2/3,2005015,4,8,9,16,17,29,15
2005/2/1,2005014,13,19,21,23,30,32,5
2005/1/30,2005013,7,8,16,19,20,24,6
2005/1/27,2005012,2,3,6,16,22,31,5
2005/1/25,2005011,9,11,13,15,22,30,15
2005/1/23,2005010,8,10,11,18,25,26,1
2005/1/20,2005009,2,17,22,27,29,31,14
2005/1/18,2005008,11,19,22,27,32,33,11
2005/1/16,2005007,7,15,17,20,23,33,15
2005/1/13,2005006,2,4,5,15,21,31,16
2005/1/11,2005005,5,9,20,26,28,33,15
2005/1/9,2005004,1,4,8,9,22,23,3
2005/1/6,2005003,9,12,15,19,22,31,16
2005/1/4,2005002,6,9,20,26,28,33,14
2005/1/2,2005001,1,7,8,23,27,28,14
2004/12/30,2004122,3,11,14,22,24,31,15
2004/12/28,2004121,7,13,16,18,30,32,10
2004/12/26,2004120,7,8,18,21,27,32,10
2004/12/23,2004119,6,9,18,20,25,33,6
2004/12/21,2004118,3,4,7,12,30,31,15
2004/12/19,2004117,1,3,7,14,24,25,7
2004/12/16,2004116,1,3,5,8,14,33,3
2004/12/14,2004115,2,16,20,30,31,33,1
2004/12/12,2004114,1,6,9,17,21,22,1
2004/12/9,2004113,8,10,23,25,31,32,7
2004/12/7,2004112,9,13,15,21,26,33,6
2004/12/5,2004111,11,16,18,20,26,31,2
2004/12/2,2004110,14,19,20,21,22,31,11
2004/11/30,2004109,6,8,10,17,30,31,14
2004/11/28,2004108,8,13,14,27,28,31,12
2004/11/25,2004107,1,8,12,13,18,20,7
2004/11/23,2004106,10,15,23,26,28,29,12
2004/11/21,2004105,7,9,10,21,23,30,12
2004/11/18,2004104,7,11,17,18,24,29,5
2004/11/16,2004103,2,3,5,9,16,21,2
2004/11/14,2004102,3,9,12,15,28,32,1
2004/11/11,2004101,2,9,14,19,25,26,15
2004/11/9,2004100,6,8,9,14,24,33,15
2004/11/7,2004099,5,10,21,22,26,33,2
2004/11/4,2004098,3,12,13,25,26,31,3
2004/11/2,2004097,10,19,20,26,29,31,14
2004/10/31,2004096,1,4,12,16,20,30,15
2004/10/28,2004095,19,22,27,28,30,32,1
2004/10/26,2004094,5,9,10,13,24,25,8
2004/10/24,2004093,11,14,20,27,32,33,5
2004/10/21,2004092,1,4,8,13,28,31,2
2004/10/19,2004091,9,13,14,21,30,33,1
2004/10/17,2004090,1,18,20,24,32,33,12
2004/10/14,2004089,14,17,20,25,28,30,14
2004/10/12,2004088,2,10,19,22,24,32,14
2004/10/10,2004087,1,3,7,8,25,26,14
2004/10/7,2004086,10,13,18,19,25,27,1
2004/10/5,2004085,3,8,11,29,30,32,1
2004/10/3,2004084,1,4,8,11,21,25,14
2004/9/30,2004083,14,16,27,28,30,33,6
2004/9/28,2004082,3,20,24,27,29,30,15
2004/9/26,2004081,3,5,21,24,27,32,6
2004/9/24,2004080,3,8,20,23,24,26,16
2004/9/21,2004079,7,13,14,17,19,30,3
2004/9/19,2004078,4,5,10,21,24,26,5
2004/9/16,2004077,8,9,10,14,16,26,7
2004/9/14,2004076,3,5,13,17,25,31,7
2004/9/12,2004075,7,18,21,26,27,28,7
2004/9/9,2004074,5,6,15,19,26,29,13
2004/9/7,2004073,2,7,13,16,23,28,16
2004/9/5,2004072,8,15,18,28,30,33,14
2004/9/2,2004071,3,8,16,17,21,29,6
2004/8/31,2004070,10,12,21,22,30,33,6
2004/8/29,2004069,2,11,15,20,22,29,5
2004/8/26,2004068,2,8,11,13,24,31,15
2004/8/24,2004067,1,6,7,13,16,32,4
2004/8/22,2004066,5,13,20,23,24,25,3
2004/8/19,2004065,13,14,27,29,32,33,8
2004/8/15,2004064,14,15,18,20,27,31,4
2004/8/12,2004063,7,10,13,16,27,28,7
2004/8/8,2004062,1,12,25,27,28,29,13
2004/8/5,2004061,13,16,19,20,23,33,9
2004/8/1,2004060,3,5,11,24,27,28,15
2004/7/29,2004059,4,7,11,19,23,26,10
2004/7/25,2004058,1,8,11,12,27,31,12
2004/7/22,2004057,5,21,23,25,28,32,4
2004/7/18,2004056,1,20,21,25,29,30,2
2004/7/15,2004055,6,8,19,25,29,32,7
2004/7/11,2004054,9,11,14,16,27,28,11
2004/7/8,2004053,2,3,4,9,24,25,2
2004/7/4,2004052,1,12,14,15,17,29,9
2004/7/1,2004051,2,3,9,10,15,29,11
2004/6/27,2004050,6,7,19,21,25,29,2
2004/6/24,2004049,11,12,14,16,25,29,9
2004/6/20,2004048,8,9,11,16,17,29,9
2004/6/17,2004047,1,7,8,11,27,31,6
2004/6/13,2004046,7,15,16,22,23,32,14
2004/6/10,2004045,1,12,18,26,27,28,13
2004/6/6,2004044,2,6,7,12,31,32,5
2004/6/3,2004043,4,9,10,21,22,24,10
2004/5/30,2004042,6,10,13,17,18,21,2
2004/5/27,2004041,8,10,17,22,25,29,14
2004/5/23,2004040,7,17,19,20,21,29,11
2004/5/20,2004039,10,16,18,25,26,29,3
2004/5/16,2004038,11,16,17,25,28,29,7
2004/5/13,2004037,3,4,11,17,20,26,5
2004/5/9,2004036,2,13,17,18,26,30,1
2004/5/6,2004035,2,8,26,27,30,32,16
2004/5/2,2004034,2,7,13,20,27,30,14
2004/4/29,2004033,1,4,8,9,19,20,1
2004/4/25,2004032,2,5,8,11,15,31,13
2004/4/22,2004031,3,6,19,20,21,24,11
2004/4/18,2004030,1,7,9,17,26,31,5
2004/4/15,2004029,9,13,20,22,24,32,5
2004/4/11,2004028,1,2,3,5,10,22,12
2004/4/8,2004027,1,5,9,10,18,32,11
2004/4/4,2004026,4,10,14,18,28,32,15
2004/4/1,2004025,7,8,10,24,29,33,4
2004/3/28,2004024,1,13,21,23,25,32,6
2004/3/25,2004023,1,8,14,17,19,30,3
2004/3/21,2004022,3,10,14,19,20,30,6
2004/3/18,2004021,5,9,11,17,26,27,10
2004/3/14,2004020,1,2,9,22,28,31,4
2004/3/11,2004019,5,10,11,23,24,32,4
2004/3/7,2004018,2,5,6,8,28,30,6
2004/3/4,2004017,5,12,14,15,25,31,9
2004/2/29,2004016,4,7,8,28,30,32,5
2004/2/26,2004015,1,3,5,18,22,23,13
2004/2/22,2004014,3,7,11,17,20,26,12
2004/2/19,2004013,12,14,21,29,30,32,13
2004/2/15,2004012,1,7,27,30,31,33,8
2004/2/12,2004011,1,4,13,23,28,30,3
2004/2/8,2004010,6,7,8,13,14,19,15
2004/2/5,2004009,1,9,10,16,22,24,11
2004/2/1,2004008,1,7,10,22,32,33,13
2004/1/29,2004007,4,12,17,20,25,28,9
2004/1/18,2004006,4,12,18,20,23,32,6
2004/1/15,2004005,9,11,13,16,17,18,7
2004/1/11,2004004,10,19,22,23,25,29,9
2004/1/8,2004003,3,5,6,17,26,33,8
2004/1/4,2004002,10,12,18,22,30,31,11
2004/1/1,2004001,1,2,3,7,10,25,7
2003/12/28,2003089,18,19,21,26,27,33,16
2003/12/25,2003088,3,10,21,22,24,33,12
2003/12/21,2003087,2,3,4,5,24,28,13
2003/12/18,2003086,5,12,16,18,26,30,13
2003/12/14,2003085,1,4,11,12,19,27,14
2003/12/11,2003084,2,6,7,10,17,33,3
2003/12/7,2003083,1,3,14,18,26,28,1
2003/12/4,2003082,7,17,18,19,30,31,14
2003/11/30,2003081,1,2,14,26,29,30,7
2003/11/27,2003080,9,20,24,25,28,30,10
2003/11/23,2003079,12,15,22,23,26,31,4
2003/11/20,2003078,7,12,23,26,29,30,11
2003/11/16,2003077,4,12,16,22,24,25,6
2003/11/13,2003076,1,13,16,18,20,29,2
2003/11/9,2003075,16,17,19,22,31,33,11
2003/11/6,2003074,2,12,19,22,27,32,1
2003/11/2,2003073,2,12,14,21,23,30,13
2003/10/30,2003072,3,6,8,11,19,27,11
2003/10/26,2003071,9,11,12,14,15,33,11
2003/10/23,2003070,1,2,4,17,18,19,8
2003/10/19,2003069,7,11,16,19,26,28,11
2003/10/16,2003068,9,19,25,27,32,33,11
2003/10/12,2003067,5,11,12,13,27,31,10
2003/10/9,2003066,3,7,8,20,24,32,14
2003/10/5,2003065,6,15,16,17,30,33,11
2003/10/2,2003064,4,6,8,12,15,30,1
2003/9/28,2003063,5,8,9,14,21,33,11
2003/9/25,2003062,1,6,12,19,20,32,14
2003/9/21,2003061,3,5,20,21,28,32,2
2003/9/18,2003060,2,4,6,17,21,28,11
2003/9/14,2003059,2,3,5,6,18,30,4
2003/9/11,2003058,9,11,16,28,32,33,2
2003/9/7,2003057,18,19,24,25,30,31,16
2003/9/4,2003056,8,17,21,26,28,29,7
2003/8/31,2003055,6,13,16,21,28,31,16
2003/8/28,2003054,2,5,9,21,31,33,12
2003/8/24,2003053,15,19,20,21,28,29,13
2003/8/21,2003052,1,12,13,23,30,31,11
2003/8/17,2003051,4,13,15,17,24,27,1
2003/8/14,2003050,2,8,17,23,24,26,13
2003/8/10,2003049,3,6,7,13,24,25,15
2003/8/7,2003048,10,12,20,28,30,31,9
2003/8/3,2003047,3,17,26,28,32,33,16
2003/7/31,2003046,7,8,10,11,17,26,11
2003/7/27,2003045,3,7,14,15,17,32,3
2003/7/24,2003044,2,5,9,16,32,33,15
2003/7/20,2003043,2,8,10,19,20,32,13
2003/7/17,2003042,3,5,7,10,15,20,7
2003/7/13,2003041,2,3,17,18,24,25,11
2003/7/10,2003040,4,5,6,12,14,23,16
2003/7/6,2003039,3,5,23,24,27,32,3
2003/7/3,2003038,5,7,8,24,25,27,16
2003/6/29,2003037,9,14,17,18,26,32,7
2003/6/26,2003036,7,21,24,25,27,28,15
2003/6/22,2003035,3,4,5,8,10,11,8
2003/6/19,2003034,8,13,14,16,23,25,14
2003/6/15,2003033,1,7,14,20,27,30,10
2003/6/12,2003032,4,11,25,27,29,30,13
2003/6/8,2003031,11,17,20,22,28,32,1
2003/6/5,2003030,2,6,13,14,23,27,7
2003/6/1,2003029,2,7,15,26,29,32,10
2003/5/29,2003028,6,13,16,20,28,32,7
2003/5/25,2003027,1,11,14,17,27,28,15
2003/5/22,2003026,8,13,15,26,29,31,16
2003/5/18,2003025,1,5,11,13,14,27,12
2003/5/15,2003024,2,7,15,17,22,30,14
2003/5/11,2003023,1,10,20,22,26,31,2
2003/5/8,2003022,2,7,11,12,14,32,8
2003/5/4,2003021,14,15,18,25,26,30,1
2003/5/1,2003020,7,10,25,26,27,32,4
2003/4/27,2003019,4,8,12,13,16,33,9
2003/4/24,2003018,5,16,19,20,25,28,13
2003/4/20,2003017,5,8,18,23,25,31,6
2003/4/17,2003016,11,17,28,30,31,33,6
2003/4/13,2003015,4,11,19,25,26,32,13
2003/4/10,2003014,3,5,7,8,21,31,2
2003/4/6,2003013,8,13,17,21,23,32,12
2003/4/3,2003012,2,12,16,17,27,30,12
2003/3/30,2003011,4,5,11,12,30,32,15
2003/3/27,2003010,1,2,8,13,17,24,13
2003/3/23,2003009,5,9,18,20,22,30,9
2003/3/20,2003008,5,8,9,14,17,23,8
2003/3/16,2003007,1,9,19,21,23,26,7
2003/3/13,2003006,1,3,10,21,26,27,6
2003/3/9,2003005,4,6,15,17,30,31,16
2003/3/6,2003004,4,6,7,10,13,25,3
2003/3/2,2003003,1,7,10,23,28,32,16
2003/2/27,2003002,4,9,19,20,21,26,12
2003/2/23,2003001,10,11,12,13,26,28,11